STATE ST,1261
MICHIGAN AVE,1236
CLARK ST,917
HALSTED ST,719
ASHLAND AVE,596
BROADWAY,530
WESTERN AVE,458
KEDZIE AVE,412
CICERO AVE,406
PULASKI RD,406
SHERIDAN RD,402
MILWAUKEE AVE,378
RANDOLPH ST,369
WABASH AVE,361
NORTH AVE,353
CHICAGO AVE,338
GRAND AVE,327
DR MARTIN,323
LAKE ST,309
MADISON ST,302
BELMONT AVE,301
LAKE SHORE,294
COTTAGE GROVE,289
ELSTON AVE,280
JACKSON BLVD,276
FULLERTON AVE,252
DIVISION ST,252
ROOSEVELT RD,247
CANAL ST,237
INDIANA AVE,235
IRVING PARK,229
WELLS ST,229
HUBBARD ST,226
DAMEN AVE,218
CENTRAL AVE,215
47TH ST,215
LINCOLN AVE,212
CALIFORNIA AVE,212
LA SALLE,211
PAULINA ST,209
CLYBOURN AVE,204
CERMAK RD,201
ADDISON ST,195
DEARBORN ST,192
TERMINAL ST,184
LAKE PARK,180
WASHINGTON BLVD,178
79TH ST,170
RACINE AVE,168
DIVERSEY AVE,166
PRAIRIE AVE,162
LAWRENCE AVE,157
HOWARD ST,152
ADAMS ST,152
95TH ST,151
MORGAN ST,151
MARSHFIELD AVE,151
ONTARIO ST,150
KENMORE AVE,150
HARRISON ST,149
ARCHER AVE,146
87TH ST,142
OHIO ST,136
WINTHROP AVE,136
63RD ST,134
MONROE ST,134
CAMPBELL AVE,133
WENTWORTH AVE,133
WOLCOTT AVE,132
MONTROSE AVE,132
STONY ISLAND,131
HERMITAGE AVE,129
GREEN ST,129
SPAULDING AVE,126
HURON ST,124
ROCKWELL ST,124
HOYNE AVE,123
PEORIA ST,123
FOSTER AVE,123
ARMITAGE AVE,121
SACRAMENTO AVE,120
FRANCISCO AVE,119
UNION AVE,118
LAFLIN ST,118
SANGAMON ST,115
26TH ST,114
WACKER DR,114
CALUMET AVE,113
WASHTENAW AVE,110
ELLIS AVE,109
DREXEL AVE,108
ILLINOIS ST,106
CENTRAL PARK,105
WOOD ST,105
OHARE ST,103
CARPENTER ST,103
KINGSBURY ST,102
RIDGE AVE,102
LEAVITT ST,102
WINCHESTER AVE,100
DOTY AVE,96
SAWYER AVE,95
SUPERIOR ST,95
SOUTH SHORE,94
KOSTNER AVE,94
ERIE ST,94
SHEFFIELD AVE,94
THROOP ST,92
MAY ST,91
ARTESIAN AVE,91
71ST ST,90
VERNON AVE,90
KIMBALL AVE,90
VAN BUREN,90
FAIRFIELD AVE,89
RHODES AVE,89
LAWNDALE AVE,89
AVERS AVE,89
MAPLEWOOD AVE,88
MOZART ST,88
COLUMBUS DR,88
RICHMOND ST,86
ST LOUIS,86
WILSON AVE,86
ALBANY AVE,85
GREENVIEW AVE,85
HAMLIN AVE,85
INGLESIDE AVE,84
COMMERCIAL AVE,84
TROY ST,83
BALMORAL AVE,83
KINZIE ST,83
ST LAWRENCE,82
CONGRESS PKWY,82
PRINCETON AVE,82
BLACKSTONE AVE,81
TAYLOR ST,80
DRAKE AVE,79
LOWE AVE,78
DIVERSEY PKWY,78
HARDING AVE,77
BARRY AVE,77
CORNELIA AVE,77
ABERDEEN ST,77
PETERSON AVE,77
LARRABEE ST,77
WOODLAWN AVE,76
WHIPPLE ST,76
EMERALD AVE,76
OAKLEY AVE,76
TALMAN AVE,75
SPRINGFIELD AVE,75
111TH ST,75
LANGLEY AVE,75
75TH ST,75
KARLOV AVE,75
FULTON MARKET,74
BISHOP ST,73
55TH ST,73
35TH ST,72
SOUTHPORT AVE,71
CHRISTIANA AVE,71
PARNELL AVE,71
DREXEL BLVD,71
STEWART AVE,70
BELL AVE,70
OGDEN AVE,70
VINCENNES AVE,70
ROSCOE ST,69
KEELER AVE,69
CHAMPLAIN AVE,69
103RD ST,69
33RD ST,69
HYDE PARK,69
MAGNOLIA AVE,68
HONORE ST,67
DORCHESTER AVE,66
JEFFERY BLVD,66
FRANKLIN ST,66
115TH ST,66
AUGUSTA BLVD,66
CLAREMONT AVE,66
MONTICELLO AVE,66
SEELEY AVE,66
WRIGHTWOOD AVE,65
NARRAGANSETT AVE,65
EAST END,64
DEVON AVE,64
RIDGEWAY AVE,64
ADA ST,63
32ND ST,63
CLINTON ST,63
59TH ST,62
JUSTINE ST,62
64TH ST,61
119TH ST,61
EBERHART AVE,61
KILBOURN AVE,61
WARREN BLVD,61
BELDEN AVE,61
KILDARE AVE,61
WAVELAND AVE,60
CORNELL AVE,60
KIMBARK AVE,59
GARFIELD BLVD,58
KENWOOD AVE,58
EVANS AVE,58
TRIPP AVE,57
KEDVALE AVE,57
WELLINGTON AVE,56
WEBSTER AVE,56
JEFFERSON ST,56
FULTON ST,56
GREENWOOD AVE,56
LARAMIE AVE,56
HOMAN AVE,55
FREMONT ST,55
MARINE DR,55
GRACE ST,55
MARYLAND AVE,54
RUSH ST,54
MENARD AVE,53
OAKDALE AVE,53
MASON AVE,53
21ST ST,53
BLUE ISLAND,53
LEXINGTON ST,52
PERSHING RD,52
MERRILL AVE,51
NORMAL AVE,51
NORMANDY AVE,51
KENNETH AVE,51
PARKSIDE AVE,51
ELIZABETH ST,51
MARQUETTE RD,51
POLK ST,51
53RD ST,51
76TH ST,50
LOOMIS ST,50
LAVERGNE AVE,50
OAKLEY BLVD,50
WALTON ST,50
HARPER AVE,50
HARLEM AVE,50
80TH ST,49
83RD ST,49
KINGSTON AVE,48
ARGYLE ST,48
69TH ST,48
PRATT BLVD,48
MONTROSE DR,47
PHILLIPS AVE,47
WASHINGTON ST,47
MONITOR AVE,47
MELROSE ST,47
LELAND AVE,46
YALE AVE,46
106TH ST,46
YATES BLVD,46
BRYN MAWR,46
SCHOOL ST,45
72ND ST,45
81ST ST,45
THOMAS ST,45
RECREATION DR,45
GLENWOOD AVE,45
CULLERTON ST,45
LECLAIRE AVE,44
DICKENS AVE,44
PERRY AVE,44
HARVARD AVE,44
WALLACE ST,44
KILPATRICK AVE,44
FLOURNOY ST,44
COLFAX AVE,44
GRANVILLE AVE,44
SOUTH CHICAGO,44
CRYSTAL ST,44
CRANDON AVE,43
LAFAYETTE AVE,43
BERTEAU AVE,43
CORTEZ ST,43
PINE GROVE,43
MORSE AVE,43
KEATING AVE,42
BELLE PLAINE,42
61ST ST,41
ESSEX AVE,41
OGLESBY AVE,41
73RD ST,41
LONG AVE,41
HADDON AVE,41
DELANO CT,41
ELM ST,41
UNIVERSITY AVE,41
ARTHINGTON ST,41
19TH ST,40
50TH ST,40
60TH ST,40
CLYDE AVE,40
PAXTON AVE,39
LOCKWOOD AVE,39
LOOMIS BLVD,39
18TH ST,39
TOUHY AVE,39
SUNNYSIDE AVE,38
SIMONDS DR,38
31ST ST,38
EXCHANGE AVE,38
AINSLIE ST,38
MAYPOLE AVE,38
BERWYN AVE,38
CULLOM AVE,38
ESCANABA AVE,38
SACRAMENTO BLVD,37
WAYNE AVE,37
70TH ST,37
77TH ST,37
AUSTIN AVE,37
HIGGINS AVE,36
DESPLAINES ST,36
BOSWORTH AVE,36
65TH ST,36
BYRON ST,36
COLES AVE,36
KOLIN AVE,36
POTOMAC AVE,36
FARWELL AVE,36
BENNETT AVE,35
KEYSTONE AVE,35
MELVINA AVE,35
ORLEANS ST,35
BERNARD ST,35
EVERGREEN AVE,35
67TH ST,35
LAKEWOOD AVE,35
EASTWOOD AVE,35
RAVENSWOOD AVE,34
LUNT AVE,34
DOUGLAS BLVD,34
78TH ST,34
82ND ST,34
EUCLID AVE,34
LAWLER AVE,34
CORTLAND ST,34
LE MOYNE,33
ALTGELD ST,33
JARVIS AVE,33
MAYFIELD AVE,33
RIDGELAND AVE,33
ESTES AVE,33
WABANSIA AVE,33
CHESTNUT ST,33
FARGO AVE,33
DAKIN ST,33
GLADYS AVE,33
ST CLAIR,33
WINONA ST,32
DAYTON ST,32
MEADE AVE,32
BURLEY AVE,32
HAMILTON AVE,32
SHERWIN AVE,32
PRYOR AVE,32
ARTHUR AVE,32
CLEVELAND AVE,32
GEORGE ST,31
51ST ST,31
MOBILE AVE,31
CATALPA AVE,31
TRUMBULL AVE,31
MC VICKER,31
BURLING ST,31
NEWPORT AVE,31
SEMINARY AVE,30
FOREST AVE,30
GRENSHAW ST,30
CHAPPEL AVE,30
SEDGWICK ST,30
HENDERSON ST,30
EGGLESTON AVE,30
21ST PL,30
GREENLEAF AVE,30
CARMEN AVE,29
OAK ST,29
16TH ST,29
FEDERAL ST,29
LAMON AVE,29
CUMBERLAND AVE,29
CARROLL AVE,29
IOWA ST,29
HUDSON AVE,28
64TH PL,28
NEVA AVE,28
STOCKTON DR,28
HIRSCH ST,28
MC CLURG,28
PATTERSON AVE,28
EWING AVE,28
WEST END,27
LOREL AVE,27
57TH ST,27
LOWELL AVE,27
WALLER AVE,27
MANGO AVE,27
SCHUBERT AVE,27
WINNEMAC AVE,27
68TH ST,26
ORCHARD ST,26
AVENUE O,26
50TH PL,26
MEDILL AVE,26
FLETCHER ST,26
WESTERN BLVD,26
56TH ST,26
62ND ST,26
44TH ST,26
PALMER ST,26
STATE PKWY,26
KOLMAR AVE,25
MARQUETTE AVE,25
23RD ST,25
CANNON DR,25
SHAKESPEARE AVE,25
NATCHEZ AVE,25
SAYRE AVE,25
NORDICA AVE,25
MAJOR AVE,24
HOLLAND RD,24
DEMING PL,24
NEWCASTLE AVE,24
ARLINGTON PL,24
NATOMA AVE,24
18TH PL,24
SURF ST,24
FILLMORE ST,24
RACE AVE,24
INDEPENDENCE BLVD,24
93RD ST,24
LINDER AVE,24
AVENUE L,24
15TH ST,24
NAGLE AVE,24
BIRCHWOOD AVE,24
SAGINAW AVE,23
PLYMOUTH CT,23
EDDY ST,23
EDBROOKE AVE,23
107TH ST,23
NORTH SHORE,23
LOTUS AVE,23
54TH ST,23
WOLFRAM ST,23
NOBLE ST,23
WALNUT ST,23
KNOX AVE,23
CONSTANCE AVE,23
RICE ST,22
BEACH AVE,22
SCHILLER ST,22
74TH ST,22
46TH ST,22
CLARENDON AVE,22
NEW ENGLAND,22
AVENUE G,22
LYNDALE ST,22
MOODY AVE,22
TORRENCE AVE,22
MILLARD AVE,22
91ST ST,22
MUSKEGON AVE,21
PIERCE AVE,21
WEED ST,21
90TH ST,21
DANTE AVE,21
43RD ST,21
MERRIMAC AVE,21
MARMORA AVE,21
MANISTEE AVE,21
ST PAUL,21
BUFFALO AVE,21
DELAWARE PL,21
104TH ST,21
KOMENSKY AVE,21
58TH ST,20
LEAMINGTON AVE,20
PENSACOLA AVE,20
CREGIER AVE,20
AUSTIN BLVD,20
LOGAN BLVD,20
LUNA AVE,20
17TH ST,20
NEWLAND AVE,19
85TH ST,19
OAK PARK,19
RIDGE BLVD,19
NORTHWEST HWY,19
BRIAR PL,19
41ST ST,19
38TH PL,19
FINANCIAL PL,19
MC LEAN,19
HOUSTON AVE,19
40TH ST,19
LAPORTE AVE,19
CHASE AVE,19
BLOOMINGDALE AVE,19
48TH ST,18
EASTMAN ST,18
BISSELL ST,18
AGATITE AVE,18
CLIFTON AVE,18
SHIELDS AVE,18
DOBSON AVE,18
ARDMORE AVE,18
MONTANA ST,18
MASSASOIT AVE,18
PINE AVE,18
66TH ST,18
ALDINE AVE,18
ALBION AVE,18
LA CROSSE,17
FARRAGUT AVE,17
ROGERS AVE,17
FITCH AVE,17
FRANKLIN BLVD,17
MOHAWK ST,17
13TH ST,17
NOTTINGHAM AVE,17
RUTHERFORD AVE,17
14TH ST,17
NASHVILLE AVE,17
BERENICE AVE,16
LINCOLN PARK,16
LUELLA AVE,16
LATROBE AVE,16
52ND ST,16
38TH ST,16
25TH ST,16
34TH ST,16
EAST RIVER,16
23RD PL,16
45TH ST,16
42ND ST,16
MULLIGAN AVE,16
BRANDON AVE,15
GUNNISON ST,15
14TH PL,15
HIGGINS RD,15
MALDEN ST,15
BEACON ST,15
EVERETT AVE,15
63RD PL,15
CORLISS AVE,15
SHORE DR,15
YATES AVE,15
84TH ST,15
WARNER AVE,15
DOVER ST,15
LOYOLA AVE,15
89TH ST,15
LYNN WHITE,15
WARWICK AVE,15
SUMMERDALE AVE,15
ROSEMONT AVE,15
WILCOX ST,14
KEDZIE BLVD,14
72ND PL,14
HOMER ST,14
BELLEVUE PL,14
54TH PL,14
PEARSON ST,14
24TH ST,14
BLACKHAWK ST,14
66TH PL,14
NEENAH AVE,14
GIDDINGS ST,14
NELSON ST,14
GLENLAKE AVE,14
FULTON BLVD,14
BUENA AVE,14
AVENUE M,14
QUINCY ST,14
HAMLIN BLVD,14
HAMPDEN CT,14
84TH PL,14
110TH ST,13
HAZEL ST,13
92ND ST,13
AVENUE H,13
SACRAMENTO DR,13
CHURCH ST,13
NORMAL BLVD,13
BOWEN AVE,13
CALIFORNIA BLVD,13
118TH ST,13
NORTH PARK,13
JONQUIL TER,13
GILES AVE,13
AVALON AVE,13
KAMERLING AVE,13
112TH ST,13
COLUMBIA AVE,13
79TH PL,12
97TH ST,12
69TH PL,12
KENTON AVE,12
FRY ST,12
ASHLAND BLVD,12
24TH PL,12
WILTON AVE,12
MONTROSE HARBOR,12
108TH ST,12
THORNDALE AVE,12
MACKINAW AVE,12
CUYLER AVE,12
70TH PL,12
73RD PL,12
FORRESTVILLE AVE,12
ZEMKE RD,11
DRUMMOND PL,11
WINDSOR AVE,11
22ND PL,11
FERDINAND ST,11
AVENUE N,11
WAYMAN ST,11
98TH ST,11
OCONTO AVE,11
CONCORD PL,11
MOFFAT ST,11
TALCOTT AVE,11
33RD PL,11
FULLERTON PKWY,11
MAPLE ST,11
HUMBOLDT BLVD,11
HALE AVE,11
WINNEBAGO AVE,11
MERCHANDISE MART,11
THOME AVE,11
MARCEY ST,11
60TH PL,11
INSTITUTE PL,11
WACKER PL,10
JEFFERY AVE,10
NEWGARD AVE,10
65TH PL,10
71ST PL,10
LAKEVIEW AVE,10
ANTHONY AVE,10
BURNHAM AVE,10
131ST ST,10
OAKWOOD BLVD,10
130TH ST,10
49TH ST,10
132ND ST,10
HIGHLAND AVE,10
109TH ST,10
88TH ST,10
WASHBURNE AVE,10
105TH ST,9
RIVERSIDE PLZ,9
JUNEWAY TER,9
37TH ST,9
HUTCHINSON ST,9
83RD PL,9
62ND PL,9
CAMBRIDGE AVE,9
HOLLYWOOD AVE,9
MC FETRIDGE,9
9TH ST,9
HOXIE AVE,9
67TH PL,9
AVENUE F,9
29TH ST,9
46TH PL,9
HILL ST,9
ODELL AVE,9
NORTH WATER,9
DAUPHIN AVE,9
BROMPTON AVE,9
25TH PL,9
CROSBY ST,9
CHICAGO BEACH,9
100TH PL,9
94TH ST,8
104TH PL,8
103RD PL,8
CALHOUN AVE,8
120TH ST,8
BENSLEY AVE,8
JANSSEN AVE,8
MILDRED AVE,8
INDIANAPOLIS AVE,8
CHINA PL,8
28TH ST,8
112TH PL,8
134TH ST,8
111TH PL,8
96TH ST,8
61ST PL,8
77TH PL,8
PALMER BLVD,8
AVENUE J,8
AVONDALE AVE,8
LAWRENCE DR,8
133RD ST,8
WOLF POINT,8
86TH ST,8
BERKELEY AVE,8
82ND PL,8
RASCHER AVE,8
BUCKINGHAM PL,8
WICKER PARK,7
55TH PL,7
BALTIMORE AVE,7
VIRGINIA AVE,7
BRADLEY PL,7
75TH PL,7
36TH ST,7
BURNSIDE AVE,7
100TH ST,7
85TH PL,7
EASTLAKE TER,7
99TH ST,7
114TH ST,7
OLCOTT AVE,7
116TH ST,7
MERRION AVE,7
CLEAVER ST,7
LISTER AVE,7
PARK DR,7
MIDWAY PARK,7
OAKENWALD AVE,7
CYRIL AVE,7
RIVERWALK S,7
117TH ST,7
102ND ST,7
MONTCLARE AVE,7
74TH PL,6
31ST DR,6
WALLEN AVE,6
JULIAN ST,6
CORCORAN PL,6
90TH PL,6
VICTORIA ST,6
ELAINE PL,6
BEVERLY AVE,6
MINERVA AVE,6
JUNIOR TER,6
LILL AVE,6
GREEN BAY,6
110TH PL,6
97TH PL,6
47TH PL,6
LITUANICA AVE,6
114TH PL,6
OSCEOLA AVE,6
BENTON PL,6
AVENUE E,6
CHARLES ST,6
STETSON AVE,6
126TH PL,6
ELMDALE AVE,6
FIFTH AVE,6
27TH ST,6
LONGWOOD DR,6
122ND ST,6
MARGATE TER,6
121ST PL,6
BALBO AVE,6
42ND PL,6
STRATFORD PL,6
OVERHILL AVE,6
87TH PL,6
OKETO AVE,6
WALDEN PKWY,6
MILLER ST,6
OLIVE AVE,5
LAWRENCE WILSON,5
GENEVA TER,5
POPLAR AVE,5
BALBO DR,5
EASTGATE PL,5
81ST PL,5
57TH PL,5
GORDON TER,5
68TH PL,5
NORA AVE,5
ALLPORT ST,5
105TH PL,5
GREGORY ST,5
130TH PL,5
HASTINGS ST,5
HUMBOLDT DR,5
BONFIELD ST,5
WIELAND ST,5
OCTAVIA AVE,5
LOWER WACKER,5
DELPHIA AVE,5
BITTERSWEET PL,5
LAKESIDE PL,5
131ST PL,5
113TH ST,5
SAUGANASH AVE,5
SCOTT ST,5
MONTEREY AVE,5
8TH ST,5
116TH PL,5
CARONDOLET AVE,5
COMMONWEALTH AVE,5
BRAINARD AVE,5
101ST ST,5
STRONG ST,5
ALLEN AVE,5
ROSEDALE AVE,5
12TH PL,5
ROOT ST,5
EUGENIE ST,5
PARK SHORE,5
FAIRBANKS CT,5
PARKING LOT,5
31ST PL,5
48TH PL,5
MANOR AVE,5
123RD ST,5
GARLAND CT,4
41ST PL,4
34TH PL,4
GRANT PL,4
WILMOT AVE,4
107TH PL,4
NORWOOD ST,4
PARIS AVE,4
113TH PL,4
58TH PL,4
CTA 95TH,4
WILLARD CT,4
EAST VIEW,4
FRANCIS PL,4
WILSON DR,4
28TH PL,4
53RD PL,4
LEONARD AVE,4
NEWARK AVE,4
WILLOW ST,4
POPE JOHN,4
89TH PL,4
78TH PL,4
HOWE ST,4
PIONEER AVE,4
LUDLAM AVE,4
CANFIELD AVE,4
ST JAMES,4
SOLIDARITY DR,4
92ND PL,4
HOOD AVE,4
HOMAN BLVD,4
129TH PL,4
GOETHE ST,4
PITTSBURGH AVE,4
98TH PL,4
IRON ST,4
VERMONT ST,4
KASSON AVE,4
59TH PL,4
ARMOUR ST,4
MALTA ST,4
PARKER AVE,4
COLUMBUS AVE,4
LOCUST ST,4
CTA OHARE,3
43RD PL,3
49TH PL,3
SANDBURG TER,3
11TH ST,3
KIRKWOOD AVE,3
WISCONSIN ST,3
KENSINGTON AVE,3
PALATINE AVE,3
STEUBEN ST,3
COYLE AVE,3
PESHTIGO CT,3
PONTIAC AVE,3
ASTOR ST,3
101ST PL,3
HARTWELL AVE,3
CATHERINE AVE,3
PAGE AVE,3
MADISON AVENUE,3
AVENUE C,3
NEWBURG AVE,3
GERMANIA PL,3
108TH PL,3
32ND PL,3
36TH PL,3
MOE DR,3
KERFOOT AVE,3
MONROE DR,3
CLARENCE AVE,3
RUBLE ST,3
FRONT AVE,3
SOUTH WATER,3
JERSEY AVE,3
PROSPECT AVE,3
LITHUANIAN PLAZA,3
FOREST GLEN,3
LARCHMONT AVE,3
FERN CT,3
QUINN ST,3
PLAINFIELD AVE,3
95TH PL,3
ORIOLE AVE,3
OLIPHANT AVE,3
STAVE ST,3
BINGHAM ST,3
FOREST PRESERVE,3
JARLATH ST,3
106TH PL,3
MC DOWELL,3
LIEB AVE,3
PANAMA AVE,3
18TH DR,3
HERMOSA AVE,3
COTTAGE PL,3
CHARLESTON ST,3
PARK TER,2
WINNECONNA PKWY,2
LYTLE ST,2
120TH PL,2
PACKERS AVE,2
FOREST VIEW,2
FORD CITY,2
KEELEY ST,2
MANTON AVE,2
LINDEN PL,2
99TH PL,2
CEDAR ST,2
NASSAU AVE,2
ISHAM AVE,2
SCHREIBER AVE,2
MILTIMORE AVE,2
FOSTER PL,2
OLEANDER AVE,2
PAYNE DR,2
OLYMPIA AVE,2
15TH PL,2
KENTUCKY AVE,2
WATKINS AVE,2
LUMBER ST,2
47TH DR,2
DEAN ST,2
EARLY AVE,2
BRODMAN AVE,2
56TH PL,2
MIDWAY PLAISANCE,2
BAKER AVE,2
RETA AVE,2
DENVIR AVE,2
80TH PL,2
117TH PL,2
WASHINGTON PARK,2
HIAWATHA AVE,2
AVENUE D,2
CHELTENHAM PL,2
WEST CIRCLE,2
GENOA AVE,2
WOODLAND PARK,2
119TH PL,2
ENGLEWOOD AVE,2
91ST PL,2
GALE ST,2
ELK GROVE,2
CANALPORT AVE,2
124TH ST,2
93RD PL,2
POTAWATOMIE AVE,2
WINSTON AVE,2
NAPER AVE,2
WASECA PL,2
96TH PL,2
FULLERTON DR,2
EDGEWATER AVE,2
13TH PL,2
PACIFIC AVE,2
DAVLIN CT,2
DUNBAR AVE,2
45TH PL,2
OPAL AVE,2
BOWMANVILLE AVE,2
133RD PL,2
CRILLY DR,2
NAVARRE AVE,2
109TH PL,2
JACKSON DR,2
LOVEJOY AVE,2
94TH PL,2
CALDWELL AVE,2
ANN LURIE,2
17TH PL,2
BANKS ST,2
TILDEN ST,2
BROAD ST,2
VAN VLISSINGEN,2
EDMUNDS ST,2
DREXEL SQUARE,2
LOWER MICHIGAN,2
127TH ST,2
WOODARD ST,2
CHURCHILL ST,2
76TH PL,2
ROSLYN PL,2
COULTER ST,2
LYNCH AVE,2
88TH PL,2
GROVER ST,2
SEIPP ST,2
LIND AVE,2
OZARK AVE,2
RIVERDALE AVE,2
FORT DEARBORN,2
OAKVIEW AVE,2
125TH ST,2
ALEXANDER ST,2
NINA AVE,2
CORNELL DR,2
HOMEWOOD AVE,2
ALGONQUIN AVE,1
RANDOLPH SD,1
COUCH PL,1
ARCH ST,1
HOBART AVE,1
ARBOUR PL,1
44TH PL,1
DAN RYAN,1
STATE LINE,1
CHERRY AVE,1
JEROME ST,1
EUCLID PKWY,1
37TH PL,1
POINT ST,1
ELBRIDGE AVE,1
OZANAM AVE,1
LEONA AVE,1
GILBERT CT,1
RIDGEWOOD CT,1
MEDINA AVE,1
MUSEUM CAMPUS,1
CITY FRONT,1
102ND PL,1
LEADER AVE,1
DOOR 4,1
OLD TOWN,1
MAUD AVE,1
FRANKLIN SD,1
PROMONTORY DR,1
HUMBOLDT SD,1
BURTON PL,1
KEDZIE SD,1
MANKATO AVE,1
EVERELL AVE,1
RIVERS EDGE,1
WESTGATE TER,1
DAWSON AVE,1
LOCK ST,1
136TH ST,1
WATERSIDE DR,1
LARNED AVE,1
CONCORD LN,1
DOOR 2,1
86TH PL,1
UNIVERSITY LN,1
ANTHON AVE,1
19TH PL,1
RICHARDS DR,1
39TH PL,1
MARSHALL BLVD,1
MEYER AVE,1
HOLBROOK ST,1
STONE ST,1
20TH PL,1
EVERETT DR,1
KIRBY AVE,1
BEVERLY GLEN,1
HARTLAND CT,1
SPOKANE AVE,1
PIPPIN ST,1
138TH ST,1
132ND PL,1
ESMOND ST,1
128TH ST,1
SIOUX AVE,1
MENDOTA AVE,1
COAST GUARD,1
LONDON AVE,1
TOM PKWY,1
HARBOR DR,1
ONARGA AVE,1
VERNON PARK,1
HAWTHORNE PL,1
RIVER LOFT,1
63RD PKWY,1
ORANGE AVE,1
RESERVE AVE,1
MC ALPIN,1
DEARBORN PKWY,1
LOWER RANDOLPH,1
CATON ST,1
PRAIRIE PARK,1
REDFIELD DR,1
WENDELL ST,1
24TH BLVD,1
GLENROY AVE,1
HOBBIE ST,1
40TH PL,1
MATSON AVE,1
KRUGER AVE,1
PLEASANT AVE,1
LYMAN ST,1
LEHIGH AVE,1
OLMSTED AVE,1
KEMPER PL,1
SEMINOLE ST,1
ATTRILL ST,1
NEW ST,1
CAMPBELL PARK,1
PITNEY CT,1
LUIS MUNOZ,1
WISNER AVE,1
DEWITT PL,1
BAGGAGE LN,1
ANCONA ST,1
DE KOVEN,1
BROSS AVE,1
KEOKUK AVE,1
CTA 69TH,1
SWANN ST,1
CHECKPOINT 1,1
LORON AVE,1
RITCHIE CT,1
GOODMAN ST,1
OTTAWA AVE,1
LEHMANN CT,1
HAYES AVE,1
MARQUETTE DR,1
BENSON ST,1
BIRKHOFF AVE,1
LEMONT AVE,1
MONON AVE,1
122ND PL,1
LYON AVE,1
126TH ST,1
IONIA AVE,1
FARRELL ST,1
51ST PL,1
MEMORY LN,1
CHESTER AVE,1
EMMETT ST,1
35TH PL,1
DAVOL ST,1
121ST ST,1
MC CORMICK,1
DOOR 3,1
ARMSTRONG AVE,1
BRAYTON ST,1
MONTGOMERY AVE,1
VANDERPOEL AVE,1
IMLAY ST,1
DOOR 1,1
CALUMET PKWY,1
BROWNING AVE,1
SHELBY CT,1
30TH ST,1
DOMINICK ST,1
FARRAR DR,1
EAST CIRCLE,1
LESTER AVE,1
BRENNAN AVE,1
ROOSEVELT DR,1
MARY ST,1
SULLIVAN ST,1
ELLEN ST,1
ROSEHILL DR,1
ELIAS CT,1
MAGNET AVE,1
MARION CT,1
HASKINS AVE,1
HAYES DR,1
HANSON AVE,1
AVENUE B,1
ABBOTT AVE,1
PARK PL,1
