009,"SEELEY AVE, 28TH PL, MARSHFIELD AV, CHINA PL, 23 ST, FRANCISCO , 45TH PL, 33RD ST, 40TH ST, ALEXANDER ST, 25TH ST, 43RD ST, LOCK ST, WINCHESTER AV, CLAREMONT AVE, LEAVITT ST, 50 PL, 53RD PL, PERSHING RD, 52 ST, GARFIELD BV, 49TH ST, DESAIBLE ST, 48TH PL, 36TH ST, ALBANY AV, 44 ST, 31 ST, HALSTED ST, ARCH ST, POPLAR AVE, LOOMIS BLVD, 23 PL, 51 PL, 26TH ST, WESTERN BL, 50TH PL, 37 STREET, 33 ST, SENOUR AVE, 47TH PL, 32ND ST, CALIFORNIA AV, 53 ST, 28 PL, 53 PLACE, MOZART ST, PEORIA ST, STEWART AV, THOMAS BARCLAY, LOOMIS BL, 49 ST, 29TH ST, 39 PL, INDIANA AVE, 38TH ST, 34TH PL, DAN RYAN, LOOMIS ST, 32ND PL, 19 ST, SACRAMENTO AVE, HERMITAGE AVE, HILLOCK AVE, BENSON ST, 45 PL, 48 PL, JASPER PL, 35TH STREET, 53 PL, WASHTENAW AVE, 50 STREET, 51ST PL, 36 PL, 39TH PL, NORMAL AV, CALIFORNIA AVE, PAULINA ST, LA SALLE, ARTESIAN AVE, TALMAN AVE, JUSTINE ST, FULLER ST, PAULINA AV, MARY ST, 47 PL, STEVENSON IB, 28 ST, 40 PL, ROBINSON ST, LOUIE PKWY, 19TH ST, 29TH PL, STEVENSON XP, KEDVALE AVE, SHIELDS AVE, FAIRFIELD AVE, FRANCISCO AVE, 34 PL, MARKETPLACE ACCESS, ASHLAND AVE, ROCKWELL STREET, RHODES AVE, 44TH PL, 55TH ST, KEYSTONE AVE, CONFIDENTIAL ST, LOOMIS PL, FRANKLIN EXT, KILBOURN AVE, GRATTEN AVE, 24TH PL, LAFLIN ST, HOYNE AVE, 37 ST, WALLACE ST, 31ST PL, ELIZABETH ST, PARNELL AVE, CHICAGO RIVER, RACINE AV, LLOYD AV, FARRELL ST, 22ND PL, HALSTED , EXCHANGE AV, 30 ST, 46TH PL, MAY ST, MAPLEWOOD AV, 38 STREET, HALSTED STREET, 42 PL, 49 PL, HOMAN AVE, 27 ST, 49TH PL, HAMILTON AVE, 42 ST, 47TH ST, 35TH PL, 46TH ST, SWANN ST, CLAREMONT AV, KEDZIE AV, 31 PL, 48TH ST, BISHOP STREET, 53RD ST, CORBETT ST, PARNELL AV, POPE JOHN, BRIGHTON PL, 41ST ST, MORGAN ST, SENOUR AV, WELLS ST, GRADY CT, 26TH PL, IB DAN, ASHLAND AV, 70TH ST, 37TH PL, QUINN ST, UNION AV, 42ND PL, CANAL ST, PACKERS AV, 25TH PL, 48 ST, BROAD ST, STEVENSON EXPY, GARFIELD BL, TROY ST, 46 ST, 24 ST, 35 PL, 33RD PL, 41 PL, ADA ST, BLAKE ST, 23RD PL, KEDZIE AVE, SPAULDING AV, 35TH ST, OAKLEY AV, ELIAS CT, 25 ST, POPLAR AV, 25 PL, CARPENTER ST, ALBANY AVE, PORTLAND AVE, WINCHESTER AVE, 40 ST, HERMITEGE AVE, FRANKLIN ST, CERMAK RD, HONORE ST, TAN CT, LOWE AV, GRATTEN AV, GROVE ST, WONG PKWY, HERMITAGE AV, THROOP ST, SHIELDS AV, 24TH ST, MC DOWELL, 50 ST, 28TH ST, LOWE AVE, 50TH ST, LITUANICA AV, TOM PKWY, 36 ST, LLOYD AVE, OAKLEY AVE, SHERMAN PARK, BROSS AVE, ROOT ST, STARK ST, 31ST ST, SEELEY AV, LYMAN ST, PRINCETON AV, PITNEY CT, WOLCOTT AV, 33 PL, PARK AVE, ST LOUIS, JAMES ST, 36TH PL, BISHOP ST, NORMAL AVE, 27TH ST, HILLOCK AV, SACRAMENTO AV, 45TH STREET, 35 ST, 41 ST, PACKERS AVE, MCDOWELL AV, MELODY CT, WOOD ST, 76TH ST, PERSHING PL, 54 ST, CULLERTON ST, DAMEN AVE, CENTRAL PARK, EXCHANGE AVE, 51ST ST, STEWART AVE, WESTERN AVE, 24 PL, 52ND PL, SANGAMON ST, 22 PL, SPAULDING AVE, DE SAIBLE, 63RD ST, ELEANOR ST, BONAPARTE ST, 43RD PL, 42ND ST, EMERALD AV, 32 ST, HONORE STREET, 23RD ST, WESTERN BLVD, PAULINA STREET, ARCHER AVE, WESTERN AV, 29 ST, BROSS AV, LAFLIN PL, HAMILTON AV, 38 PL, 30TH PL, BELL AVE, YOUNG PKWY, 46 PL, 68TH ST, JUSTINE STREET, MAPLEWOOD AVE, 44TH ST, 38 ST, 37 PL, WENTWORTH ST, 41ST PL, HAYNES CT, WASHTENAW AV, 52 PL, MONTGOMERY AVE, RICHMOND ST, 32 PL, MONTGOMERY AV, 30TH ST, CARPENTER STREET, TRANSIT AVE, FAIRFIELD AV, 45TH ST, 37TH ST, RACINE AVE, DAMEN AV, ROCKWELL ST, PRINCETON AVE, 54TH PL, 44 PL, ABERDEEN ST, 44 ST., 26 ST, 51 ST, IRON ST, 47 ST, LITUANICA AVE, LEE PKWY, WOOD STREET, 34 ST, CAMPBELL AVE, SENOUR ST, 18TH ST, 43 PL, CANAL STREET, TALMAN AV, HOMAN AV, 34TH ST, RYAN FRANKLIN, CROWELL ST, GARFIELD BLVD, 54 PL, HOYNE AV, 40TH PL, BELL AV, WHIPPLE ST, 54TH ST, MARSHFIELD AVE, SHORT ST, BONFIELD ST, UNION AVE, 52ND ST, FRANCISCO AV, 51 STREET, GREEN ST, WENTWORTH AV, 43 ST, 45 ST, WENTWORTH AVE, ARTESIAN AV, ARCHER AV, CAMPBELL AV, 47 STREET, 55 ST, 38TH PL, WOLCOTT AVE, KEELEY ST, EMERALD AVE"
012,"SEELEY AVE, SANGAMON, HASTINGS ST, MARSHFIELD AV, LOWELL AVE, 23 ST, SACRAMENTO SQ, LEAVITT STREET, WINCHESTER AV, SHAKESPEARE AVE, WARREN BV, CAMPBELL PK, OGDEN AVE, LEAVITT ST, CLAREMONT AVE, 12 PL, HURON STREET, DAMEN SD, SACRAMENTO BLVD, MORSE AVE, HARTLAND CT, ALBANY AV, 19 PL, WARREN BLVD, 21ST PL, 21ST ST, GRAND AV, HALSTED ST, CLINTON ST, PEARSON ST, ALLPORT ST, ELSTON AVE, CALIFORNIA AV, SACRAMENTO SD, WASHBURNE AV, MOZART ST, CARROLL AVE, PEORIA ST, STEWART AV, 20TH PL, ERIE ST., KIMBALL AVE, ARBOUR PL, HUMBOLDT DR, DAN RYAN, LOOMIS ST, OSWEGO ST, 19 ST, SACRAMENTO AVE, HERMITAGE AVE, ANCONA ST, OHIO FEEDER, MONROE ST, WASHTENAW AVE, MILWAUKEE AV, LIBERTY ST, IB EISENHOWER, NORMAL AV, O'BRIEN ST, WASHBURNE AVE, CALIFORNIA AVE, PAULINA ST, ELSTON AV, ARTESIAN AVE, TALMAN AVE, JUSTINE ST, GREENVIEW AV, GLADYS AVE, NOBLE ST, GRENSHAW ST, VAN BUREN, ROCKWELL AVE, CANALPORT AV, 19TH ST, JEFFERSON ST, DR MARTIN, MAY STREET, HARRISON ST, CABRINI ST, 21 PL, FAIRFIELD AVE, 17TH ST, WESTGATE TR, MAXWELL ST, FRANCISCO AVE, CAMPUS PKWY, ASHLAND AVE, LEXINGTON ST, 18TH PL, CONFIDENTIAL ST, CAMPBELL PARK, COURT PL, SACRAMENTO BL, IOWA ST, TAYLOR ST, CARROLL, HART ST, LAKE ST, HOYNE AVE, LAFLIN ST, 13 ST, SHEFFIELD AVE, WASHINGTON BL, CARROLL AV, ELIZABETH ST, CHICAGO RIVER, RACINE AV, 21 ST, TILDEN ST, FULTON MARKET, 14 ST, ROOSEVELT RD, SHELBY CT, ARMITAGE AVE, HURON ST, ONTARIO ST, MAY ST, MAPLEWOOD AV, 17 ST, FULTON BL, 13 STREET, 19 STREET, 20 PL, PEORIA, HAMILTON AVE, CLAREMONT AV, KEDZIE AV, RICE ST, 14TH PL, WILSON AVE, FLOURNOY ST, MORGAN ST, 14 PL, ASHLAND AV, RIVERSIDE PZ, UNION AV, NEWBERRY AVE, GLADYS AV, PINE GROVE, OAKLEY BL, CANAL ST, WESTGATE TER, TROY ST, 14TH ST, AUGUSTA BL, ADA ST, 13TH ST, FERDINAND ST, MAYPOLE AV, KEDZIE AVE, COUCH PL, CLEAVER ST, MILLER ST, HEATH AVE, RANDOLPH ST, STATE ST, RANDOLPH SD, RUNDELL PL, OAKLEY AV, 17TH PL, LESSING ST, FRANKLIN SD, CARPENTER ST, ALBANY AVE, JACKSON BL, WALNUT ST, FULTON BLVD, 16 ST, QUINCY ST, COLLEGE PKWY, SUPERIOR ST, WINCHESTER AVE, JACKSON BV, CERMAK RD, ARCADE PL, HONORE ST, WARREN BL, SHERIDAN RD, HERMITAGE AV, LEE PL, THROOP ST, 18 ST, 15 ST, ANSON PL, DESPLAINES ST, UNIVERSITY LN, CHICAGO AVE, 16TH ST, KENNEDY IB, EISENHOWER EXPY, FILLMORE ST, OAKLEY AVE, CORTEZ DR, CANALPORT AVE, ARMOUR ST, SEELEY AV, MILWAUKEE AVE, FRANKLIN BLVD, OAKLEY BLVD, WOLCOTT AV, RACE AV, POLK ST, OGDEN AV, DIVISION ST, WILCOX ST, BISHOP ST, NEWBERRY AV, NORMAL AVE, 15TH ST, SACRAMENTO AV, MAYPOLE AVE, WAYMAN ST, WOOD ST, GRAND AVE, VERNON PARK, 21 PLACE, S BRANCH, JAMES M, CULLERTON ST, DAMEN AVE, FRANKLIN BL, COTTAGE GROVE, CONGRESS PKWY, RUBLE ST, 15TH PL, BOWLER ST, THROOP PKWY, CORTEZ ST, CONGRESS PW, 15 PL, STEWART AVE, WESTERN AVE, SANGAMON ST, THOMAS ST, KENNEDY EXPY, 63RD ST, RACE AVE, WASHINGTON ST, KENNEDY XP, ADAMS ST, VILLAGE CT, 23RD ST, PAULINA STREET, AUGUSTA BLVD, ARTHINGTON ST, FORD AVE, WESTERN AV, HAMILTON AV, BELL AVE, COTTAGE PL, 103RD ST, WALTON ST, 18 PL, LYTLE ST, CHESTNUT ST, AUGUSTA BV, MAPLEWOOD AVE, SOUTH WATER, GREENVIEW AVE, WASHTENAW AV, DIVISION STREET, FRANKLIN BV, WILLARD CT, FULTON ST, HUBBARD ST, ERIE ST, RICHMOND ST, 19TH PL, CARPENTER STREET, 17 PL, FAIRFIELD AV, RACINE AVE, KINZIE ST, JOURDAN CT, DAMEN AV, OHIO ST, JFK OHIO, ROCKWELL ST, O BRIEN, LUIS MUNOZ, ABERDEEN ST, WASHINGTON BLVD, LUMBER ST, WASHINGTON BV, CARROLL STREET, FRY ST, BLUE ISLAND, MADISON ST, HADDON AV, CHICAGO AV, CAMPBELL AVE, 18TH ST, TALMAN AV, HOYNE AV, BELL AV, WHIPPLE ST, MARSHFIELD AVE, 18 STREET, UNION AVE, FRANCISCO AV, GREEN ST, JACKSON BLVD, ROOSEVELT SD, HADDON AVE, ARTESIAN AV, CAMPBELL AV, ESCANABA AVE, HEATH AV, WOLCOTT AVE, HUMBOLDT BV, SPRINGFIELD AVE, EMERALD AVE"
024,"SEELEY AVE, LOYOLA AV, GREENLEAF AV, PRATT AVE, GLENWOOD AVE, MARSHFIELD AV, GRANVILLE , COYLE AVE, KEDZIE AVE, KENMORE AVE, HASKINS AVE, IMLAY ST, HOLLYWOOD AVE, NORTH SHORE, OAKLEY AV, BROADWAY, SHERWIN AV, NEWGARD AV, WINCHESTER AV, CLAREMONT AVE, LEAVITT ST, ALBANY AVE, JEROME ST., PRATT BLVD, HOWARD ST, MORSE AVE, WINCHESTER AVE, LINCOLN AV, WALLEN AV, HONORE ST, ALBANY AV, THOME AV, MAGNOLIA AV, SHERIDAN RD, NORWOOD ST, LINCOLN AVE, HERMITAGE AV,  DEVON, GRANVILLE AVE, RAVENSWOOD AV, LOYOLA AVE, ASHLAND BLVD, WINTHROP AVE, CALIFORNIA AV, CHASE AVE, CLARK ST, TOUHY AV, EASTLAKE TER, RIDGE AV, THORNDALE AVE, OAKLEY AVE, MOZART ST, RIDGE BL, SEELEY AV, WOLCOTT AV, BIRCHWOOD AVE, JONQUIL TER, ROSEMONT AVE, PRATT BL, SACRAMENTO AV, GLENLAKE AVE, HERMITAGE AVE, ESTES AVE, SACRAMENTO AVE, JARVIS AV, ELMDALE AVE, WASHTENAW AVE, BERWYN AVE, PRATT AV, JARVIS AVE, HOOD AVE, CALIFORNIA AVE, PAULINA ST, DAMEN AVE, THOME AVE, JUNEWAY TER, ARTESIAN AVE, TALMAN AVE, GREENVIEW AV, LUNT AV, FITCH AVE, DEVON AV, WESTERN AVE, SANGAMON ST, BIRCHWOOD AV, BAGGOT CT, COLUMBIA AVE, GRANVILLE AV, SCHREIBER AV, GREENLEAF AVE, WESTERN AV, ASHLAND BL, FAIRFIELD AVE, EASTLAKE TR, HAMILTON AV, BELL AVE, FRANCISCO AVE, JUNEWAY TR, ASHLAND AVE, GLENWOOD AV, SHERWIN AVE, ALBION AV, MORSE AV, FARWELL AV, TOUHY AVE, ROGERS AV, MAPLEWOOD AVE, HIGHLAND AVE, GREENVIEW AVE, RAVENSWOOD AVE, WASHTENAW AV, HIGHLAND AV, WAYNE AVE, RICHMOND ST, PETERSON AVE, THORNDALE AV, HOYNE AVE, WAYNE AV, FAIRFIELD AV, WINTHROP AV, LUNT AVE, ARTHUR AV, PETERSON AV, MAGNOLIA AVE, KENMORE AV, ROSEMONT AV, DAMEN AV, LAKEWOOD AVE, ROCKWELL ST, WALLEN AVE, JEROME ST, CLYBOURN AVE, MAPLEWOOD AV, COLUMBIA AV, CHASE AV, RIDGE BLVD, BOSWORTH AV, PAULINA AVE, HAMILTON AVE, BOSWORTH AVE, LAKEWOOD AV, DEVON AVE, JARLATH ST, FITCH AV, ELMDALE AV, FARGO AV, CLAREMONT AV, CAMPBELL AVE, KEDZIE AV, ARTHUR AVE, ROGERS AVE, TALMAN AV, HOYNE AV, FARGO AVE, BELL AV, ALBION AVE, WHIPPLE ST, RIDGE AVE, HOOD AV, ASHLAND AV, MARSHFIELD AVE, NEWGARD AVE, SCHREIBER AVE, FRANCISCO AV, COYLE AV, JACKSON BLVD, FARWELL AVE, ARTESIAN AV, CAMPBELL AV, GLENLAKE AV, HASKINS AV, TROY ST, WOLCOTT AVE, ESTES AV, JONQUIL TR"
031,"100TH ST, NEWARK AV, SAGINAW AVE, LATROBE AVE, EAST RIVER, OTTO AVE, KEDZIE AVE, KENMORE AVE, RANDOLPH ST, GUNNISON ST, STATE ST, ARCHER AVE, 101ST ST, OSCEOLA AVE, STONY ISLAND, BELL AVE, 89TH ST, WALTON ST, CARPENTER ST, OTTO AV, HOWARD ST, TOUHY AVE, 78TH ST, INGLESIDE AVE, EWING AVE, 111TH ST, 76TH PL, OHARE ST, IOWA ST, CATHERINE AV, RICHMOND ST, LAKE ST, DRAKE AVE, NORTHWEST HWY, NEENAH AVE, WEST END, CHICAGO AVE, AVENUE C, 71ST ST, ARMITAGE AVE, PERRY AVE, OKETO AVE, 84TH ST, LAKE SHORE, CATHERINE AVE, MANNHEIM RD, 79TH ST, HIGGINS RD, 47TH ST, RWY 22L, INDEPENDENCE BLVD, KILDARE AVE, CLYDE AVE, RIVER RD, HERMITAGE AVE, 87TH ST, LONG AVE, CENTRAL AV, 75TH ST, LARAMIE AVE, WHIPPLE ST, INDIANA AV, WESLEY TER, CALIFORNIA AVE, DAMEN AVE, IRVING PARK, CENTRAL AVE, CENTRAL PARK, AVENUE L, KOSTNER AVE, EXCHANGE AVE, OLMSTED AVE, HARLEM AVE, KEELER AVE, KENNEDY EXPY"
015,"LOCKWOOD AV, FERDINAND ST, MAYPOLE AV, LAMON AV, ADAMS BLVD, MASSASOIT AVE, WASHINGTON , FULTON STREET, LOTUS AVE, RAILROAD AV, JACKSON BL, WALNUT ST, FULTON BLVD, QUINCY ST, 130TH PL, SUPERIOR ST, WINCHESTER AVE, JACKSON BV, MAYFIELD AV, LAPORTE AV, LOREL AVE, NORTH BLVD, LECLAIRE AVE, WEST END, CHICAGO AVE, LOWE AVE, MASON AVE, EISENHOWER EXPY, MADISON STREET, FILLMORE ST, LOREL AV, LA CROSSE, MENARD AV, LEAMINGTON AVE, MIDWAY PARK, RACE AV, POLK ST, LONG AV, LAWLER AVE, LATROBE AV, LECLAIRE AV, DIVISION ST, MAYPOLE AVE, LEAMINGTON , MONROE ST, LONG AVE, LARAMIE AVE, WALLER AV, LOCKWOOD AVE, MASSASOIT AV, CORCORAN PL, MENARD DR, CENTRAL AVE, CONGRESS PKWY, RAILROAD AVE, GLADYS AVE, CORTEZ ST, MASON AV, PARKSIDE AV, CONGRESS PW, FIFTH AVE, ADAMS BL, VAN BUREN, THOMAS ST, LARAMIE AV, RACE AVE, WASHINGTON ST, LATROBE AVE, LOTUS AV, CICERO AV, ADAMS ST, HARRISON ST, PINE AVE, AUGUSTA BLVD, ARTHINGTON ST, LOTUS , KINZIE ST., LEXINGTON ST, WALTON ST, MAYFIELD AVE, AUGUSTA BV, IOWA ST, PARKSIDE AVE, TAYLOR ST, DIVISION STREET, ERIE ST, FULTON ST, HUBBARD ST, LAKE ST, MENARD AVE, LAMON AVE, MONITOR AVE, WASHINGTON BL, 22ND PL, KINZIE ST, LEAMINGTON AV, WALLER , AUSTIN BLVD, OHIO ST, ROOSEVELT RD, AUSTIN AV, HURON ST, CICERO AVE, SAWYER AV, WASHINGTON BLVD, MIDWAY PK, MONITOR AV, WASHINGTON BV, LAWLER AV, MADISON ST, HADDON AV, CHICAGO AV, EISENHOWER XP, LAPORTE AVE, RICE ST, FLOURNOY ST, CENTRAL AV, AUSTIN BL, GLADYS AV, LACROSSE AV, JACKSON BLVD, LAVERGNE AVE, HADDON AVE, MCVICKER AV, PINE AV, JENSEN BLVD, LAVERGNE AV, WALLER AVE, THOMAS STREET, AUGUSTA BL"
006,"SEELEY AVE, MARSHFIELD AV, 81 ST, 90TH ST, 92 ST, 75 PL, ELLIS AV, WINCHESTER AV, LEAVITT ST, 77 ST, 80 PL, 76TH PL, 86 PL, LOWE ST, URBAN AVE, LAFAYETTE AV, 89 PL, HARVARD AV, INGLESIDE AV, DUNBAR AVE, HALSTED ST, 78TH PL, LOOMIS BLVD, 88TH PL, BIRKHOFF AVE, 91ST PL, 88 ST, 82 STREET, MICHIGAN AV, PEORIA ST, STEWART AV, 83 PL, FIELDING AV, 80 ST, GIVINS CT, LOOMIS BL, 88 PL, INDIANA AVE, 79 STREET, DAN RYAN, 79 PL, LOOMIS ST, GREENWOOD AV, WABASH AVE, HERMITAGE AVE, INDIANA AV, NORMAL AV, 94TH ST, LA SALLE, PAULINA ST, FOREST AV, 87 PL, 89 PLACE, 87TH PL, JUSTINE ST, WINNECONNA PW, 82ND ST, ABBOTT AVE, PAULINA AV, DAUPHIN AVE, DOBSON AV, CTA 95TH, EVANS AVE, LAFAYETTE AVE, DR MARTIN, VERNON AV, 101ST ST, 90 ST, 92 PL, PRAIRIE PARK, LANGLEY AV, ASHLAND AVE, RHODES AVE, 85 ST, 82 PL, MAYFIELD AVE, INGLESIDE AVE, 111TH ST, VINCENNES AV, 78 ST, 86TH PL, KING DR, 82 ST, LAFLIN ST, HOYNE AVE, 79TH PL, WALLACE ST, 72ND ST, 93RD PL, PARNELL AVE, ELIZABETH ST, KERFOOT AVE, FIELDING AVE, RACINE AV, 91 ST, 93 ST, DR MARTN, LANGLEY AVE, LAKE PARK, MAY ST, 89 ST, 88TH ST, 84TH ST, KERFOOT AV, 94TH PL, STATE STREET, HALSTED STREET, HAMILTON AVE, 91 STREET, SOUTH CHICAGO, EVANS AV, LASALLE ST, PARNELL AV, WILLIAMS AV, 87TH SD, MORGAN ST, IB DAN, ASHLAND AV, 77 PL, LYON AVE, 75 STREET, UNION AV, VINCENNES , BURNSIDE AV, 95TH ST, 87 STREET, ST LAWRENCE, WILLIAMS AVE, RHODES AV, GILBERT CT, 77TH ST, 80TH ST, CALUMET AVE, CHAMPLAIN AV, WABASH AV, DREXEL AV, 83RD PL, ADA ST, 81 PL, 81 STREET, SUMMIT AV, 79 ST, STATE ST, BIRKHOFF AV, 94 PL, 89TH ST, 76 PL, CARPENTER ST, FOREST AVE, 75 ST, 78 PL, 78TH ST, CHICAGO SKYWAY, WINCHESTER AVE, 93RD ST, HARVARD AVE, HONORE ST, MARYLAND AV, LOWE AV, DOBSON AVE, 89TH PL, HERMITAGE AV, THROOP ST, CHARLES ST, DAUPHIN AV, LOWE AVE, URBAN AV, MARYLAND AVE, PERRY AVE, 78 ST., SEELEY AV, YALE AVE, VINCENNES AVE, 82ND PL, 79TH ST, WOLCOTT AV, PRINCETON AV, CALUMET AV, 90 PL, VERNON AVE, BISHOP ST, NORMAL AVE, 81ST PL, KINGSTON AVE, 77TH PL, WOOD ST, 76TH ST, 92ND ST, GREENWOOD AVE, EGGLESTON AV, 80TH PL, DAMEN AVE, COTTAGE GROVE, 90TH PL, 91 PL, CHAMPLAIN AVE, 93 PL, STEWART AVE, WESTERN AVE, SANGAMON ST, EBERHART AVE, 78 STREET, EMERALD AV, 81ST ST, WESTERN AV, 83 ST., YALE AV, HAMILTON AV, ELLIS AVE, MICHIGAN AVE, DUNBAR AV, 86 ST, 83 ST, HOLLAND RD, 76 ST, 75TH PL, WINNECONNA PKWY, EGGLESTON AVE, 85TH ST, 45TH ST, 84 ST, RACINE AVE, BURNSIDE AVE, DAMEN AV, SUMMIT AVE, PRINCETON AVE, UNIVERSITY AVE, 92ND PL, ABERDEEN ST, PRAIRIE AV, ABBOTT AV, ADA STREET, PRAIRIE AVE, GENOA AV, DREXEL AVE, 94 ST, 87TH ST, 83RD ST, EBERHART AV, 87 ST, 75TH ST, HOYNE AV, 95 ST, MARSHFIELD AVE, PERRY AV, DORCHESTER AVE, UNION AVE, 91ST ST, 84 PL, GREEN ST, WENTWORTH AV, WENTWORTH AVE, 84TH PL, 86TH ST, WOLCOTT AVE, LYON AV, EMERALD AVE"
019,"SEELEY AVE, LAWRENCE DR, MARSHFIELD AV, WRIGHTWOOD AV, RECREATION DR, WARNER AVE, WELLINGTON AV, DAYTON ST, GENEVA TR, WINCHESTER AV, CLAREMONT AVE, LEAVITT ST, CLIFTON AVE, MARINE DR, SURREY CT, HOYNE , BROMPTON AVE, LELAND AV, VIRGINIA AV, LINCOLN AV, HARTLAND CT, FULLERTON AV, ROSLYN PL, WILTON AV, CULLOM AVE, MAGNOLIA AV, LINCOLN AVE, HALSTED ST, CANNON DR, WILSON AV, DIVERSEY AV, ALDINE AV, CLARK ST, OAKDALE AV, BROMPTON AV, LAKE SHORE, OAKDALE AVE, SUNNYSIDE AV, BERENICE AVE, LAWRENCE AV, GORDON TR, BELMONT HARBOR, DRAPER ST, WILSON DR, BUENA , SACRAMENTO AVE, HERMITAGE AVE, HAZEL ST, WASHTENAW AVE, LARAMIE AVE, ALTGELD ST, SOUTHPORT AV, PAULINA ST, ARTESIAN AVE, TALMAN AVE, GREENVIEW AV, FULLERTON PW, ELAINE PL, WARNER AV, BERTEAU AVE, CLIFTON AV, CORNELIA AVE, BELMONT AVE, NELSON ST, DRUMMOND PL, GRACE ST, NEWPORT AVE, BELMONT AV, TERRA COTTA, BERTEAU AV, BUCKINGHAM PL, BRADLEY PL, CULLOM AV, FRANCISCO AVE, ASHLAND AVE, DIVERSEY AVE, WRIGHTWOOD AVE, ALDINE AVE, RETA AV, RAVENSWOOD AVE, COMMONWEALTH AV, WATERLOO CT, WAYNE AVE, SOUTHPORT AVE, HAMPDEN CT, HOYNE AVE, SHEFFIELD AVE, LILL AV, HENDERSON ST, WINTHROP AV, RACINE AV, WINDSOR AV, HARLEM AV, MONTANA ST, MAGNOLIA AVE, DIVERSEY DR, WELLINGTON AVE, LAKEWOOD AVE, FULLERTON AVE, HUTCHINSON ST, BUENA AV, MAPLEWOOD AV, DEMING PL, FULLERTON DR, WOLFRAM ST, NEWPORT AV, BOSWORTH AV, SIMONDS DR, HAMILTON AVE, BOSWORTH AVE, LAKEWOOD AV, JANSSEN AV, CLAREMONT AV, WINDSOR AVE, LAKEVIEW AV, DIVERSEY PKWY, WILSON AVE, FULLERTON PKWY, CORNELIA AV, WELLS ST, WILTON AVE, ASHLAND AV, RETA AVE, CUYLER AVE, PINE GROVE, LAKEVIEW AVE, PATTERSON AV, MONTROSE DR, LAWRENCE AVE, HUDSON AVE, LELAND AVE, HUDSON AV, KENMORE AVE, HAWTHORNE PL, MILDRED AV, SEMINARY AVE, SEMINARY AV, OAKLEY AV, BROADWAY, ST JAMES, BARRY AVE, WINCHESTER AVE, GEORGE ST, BELLE PLAINE, DAKIN ST, HUMBOLDT BLVD, BURLING ST, ALTA VISTA, HONORE ST, MALDEN ST, SCHOOL ST, ARLINGTON PL, SHERIDAN RD, MONTROSE HARBOR, DEARBORN ST, ROSCOE ST, GIDDINGS ST, HERMITAGE AV, JUNIOR TR, RAVENSWOOD AV, LAKESIDE PL, WINTHROP AVE, DOVER ST, MONTROSE AVE, EASTWOOD AV, PERRY AVE, OAKLEY AVE, STOCKTON DR, AGATITE AVE, SEELEY AV, LILL AVE, BERENICE AV, COMMONWEALTH AVE, WOLCOTT AV, SURF ST, BELMONT HR, LAWRENCE WILSON, BARRY AV, AGATITE AV, MILDRED AVE, SUNNYSIDE AVE, WOOD ST, JANSSEN AVE, EDDY ST, DIVERSEY PW, CALIFORNIA TER, LEHMANN CT, LARCHMONT AV, DAMEN AVE, IRVING PARK, PENSACOLA AV, MELROSE ST, WESTERN AVE, CUYLER AV, BUENA AVE, ORCHARD ST, WESTERN AV, HAMILTON AV, BELL AVE, PENSACOLA AVE, GENEVA TER, WAVELAND AVE, GORDON TER, VIRGINIA AVE, MAPLEWOOD AVE, CAMBRIDGE AVE, MONTROSE AV, ADDISON ST, GREENVIEW AVE, WASHTENAW AV, SCHUBERT AV, WAYNE AV, SCHUBERT AVE, KENMORE AV, RACINE AVE, DAMEN AV, BEACON ST, ROCKWELL ST, CALIFORNIA TR, CLYBOURN AVE, LARCHMONT AVE, BRIAR PL, WAVELAND AV, BYRON ST, STRATFORD PL, PATTERSON AVE, CAMPBELL AVE, TALMAN AV, HOYNE AV, BELL AV, MARSHFIELD AVE, CLYBOURN AV, NB OUTER, FLETCHER ST, CLARENDON AV, BITTERSWEET PL, SHEFFIELD AV, ARTESIAN AV, FREMONT ST, CAMPBELL AV, EASTWOOD AVE, NORTH AVE, WOLCOTT AVE, CAMBRIDGE AV, CLARENDON AVE, JUNIOR TER"
020,"SEELEY AVE, LAWRENCE DR, GLENWOOD AVE, BRYN MAWR, ARDMORE AV, KENMORE AVE, GUNNISON ST, RASCHER AV, FOSTER AVE, HOLLYWOOD AVE, NORTH SHORE, OAKLEY AV, BROADWAY, WINCHESTER AV, CLAREMONT AVE, LEAVITT ST, MARINE DR, FOSTER DR, WINCHESTER AVE, VIRGINIA AV, FARRAGUT AVE, LINCOLN AV, HONORE ST, MAGNOLIA AV, SHERIDAN RD, LINCOLN AVE, HERMITAGE AV, RAVENSWOOD AV, MARGATE TER, ARDMORE AVE, WINTHROP AVE, CALIFORNIA AV, CLARK ST, RIDGE AV, THORNDALE AVE, OAKLEY AVE, MOZART ST, LAKE SHORE, SEELEY AV, MILWAUKEE AVE, BERWYN AV, WOLCOTT AV, MCCUTCHEON TR, KIMBALL AVE, LAWRENCE AV, LAWLER AVE, CASTLEWOOD TER, SACRAMENTO AV, SACRAMENTO AVE, HERMITAGE AVE, MC CUTCHEON, MONROE ST, JANSSEN AVE, ELMDALE AVE, WASHTENAW AVE, OLIVE AV, ROSEHILL DR, BERWYN AVE, JARVIS AVE, RASCHER AVE, CALIFORNIA AVE, PAULINA ST, ROSEDALE AVE, DAMEN AVE, ARTESIAN AVE, TALMAN AVE, GREENVIEW AV, WESTERN AVE, BALMORAL AVE, CARMEN AVE, LAWRENCE , WINNEMAC AV, WESTERN AV, FAIRFIELD AVE, MAGNOLIA , HAMILTON AV, BELL AVE, FRANCISCO AVE, VICTORIA ST, ASHLAND AVE, GLENWOOD AV, EDGEWATER AVE,  LUNT, VIRGINIA AVE, WINONA ST, GREGORY ST, MAPLEWOOD AVE, AINSLIE ST, SUMMERDALE AV, OLIVE AVE, GREENVIEW AVE, RAVENSWOOD AVE, WASHTENAW AV, EARLY AV, WAYNE AVE, PETERSON AVE, RICHMOND ST, THORNDALE AV, HOYNE AVE, HOLLYWOOD AV, WAYNE AV, FARRAGUT AV, FAIRFIELD AV, WINTHROP AV, ROSEDALE AV, EDGEWATER AV, PETERSON AV, MAGNOLIA AVE, KENMORE AV, DAMEN AV, LAKEWOOD AVE, ROCKWELL ST, CARMEN AV, MAPLEWOOD AV, CATALPA AVE, WINNEMAC AVE, HAMILTON AVE, SIMONDS DR, CATALPA , LAKEWOOD AV, JANSSEN AV, ELMDALE AV, ARGYLE ST, CLAREMONT AV, CAMPBELL AVE, FOSTER AV, EARLY AVE, MARGATE TR, TALMAN AV, WILSON AVE, SUMMERDALE AVE, HOYNE AV, BELL AV, CASTLEWOOD TR, BALMORAL AV, WHIPPLE ST, RIDGE AVE, BOWMANVILLE AV, ASHLAND AV, BOWMANVILLE AVE, FRANCISCO AV, CATALPA AV, LAWRENCE AVE, ARTESIAN AV, CAMPBELL AV, TROY ST, WOLCOTT AVE"
011,"OHIO STREET, FERDINAND ST, MAYPOLE AV, MUSIC COURT, KEDZIE AVE, LINDER AVE, FRANCISCO , MONTICELLO AV, SPAULDING AV, SCHRAEDER DR, MC CREA, HAMLIN BLVD, WARREN DR, KILBOURN , WARREN BV, KOLMAR AV, FRANKLIN SD, CLAREMONT AVE, ALBANY AVE, JACKSON BL, WALNUT ST, FULTON BLVD, SACRAMENTO BLVD, SUPERIOR ST, OHARE ST, HARDING AVE, JACKSON BV, HARDING AV, ALBANY AV, WARREN BL, WOODWARD DR, WARREN BLVD, KILPATRICK , DRAKE AVE, INDEPENDENCE BV, GRAND AV, PULASKI RD, PULASKI RD., CHRISTIANA AVE, WEST END, KILPATRICK AV, CHICAGO AVE, FIFTH AV, DENVIR AV, EISENHOWER EXPY, CALIFORNIA AV, MADISON STREET, FILLMORE ST, KENTON AV, MOZART ST, KENTON AVE, CARROLL AVE, FRANKLIN BLVD, HAMLIN AV, FILLMORE, RACE AV, POLK ST, SAWYER AVE, ST LOUIS, INDEPENDENCE BLVD, DIVISION ST, WILCOX ST, KILDARE AVE, TRIPP AVE, HOMAN BL, SACRAMENTO AV, MAYPOLE AVE, WAYMAN ST, MONROE ST, GRAND AVE, WASHTENAW AVE, TRIPP AV, LONG AVE, GOVERNORS PW, MONTICELLO , CALIFORNIA AVE, KOLMAR AVE, FRANKLIN BL, ARTESIAN AVE, KOLIN AVE, KILDARE AV, CONGRESS PKWY, CENTRAL PARK, GLADYS AVE, KOSTNER AVE, CORTEZ ST, TRUMBULL AV, KEYSTONE AV, CONGRESS PW, MILLARD AV, CHAMPLAIN AVE, FIFTH AVE, CONSERVATORY DR, GOVERNORS PKWY, WESTERN AVE, KILBOURN AV, GRENSHAW ST, KOLIN AV, VAN BUREN, CHRISTIANA AV, THOMAS ST, SPAULDING AVE, MAPLEWOOD CT, RACE AVE, HAMLIN BL, WASHINGTON ST, 60TH PL, CICERO AV, ADAMS ST, KILPATRICK AVE, HARRISON ST, INDEPENDENCE , ARTHINGTON ST, AUGUSTA BLVD, KEDVALE AVE, AVERS AV, WESTERN AV, FAIRFIELD AVE, KEELER AV, HAMLIN AVE, FRANCISCO AVE, KENNETH AVE, CONFIDENTIAL, LEXINGTON ST, MICHIGAN AVE, WALTON ST, KEYSTONE AVE, CONFIDENTIAL ST, LAWNDALE AVE, HOMAN BLVD, POLK ST., KARLOV AVE, AUGUSTA BV, MAPLEWOOD AVE, KENNETH AV, GARFIELD SQUARE, LAWNDALE AV, SACRAMENTO BL, IOWA ST, FULTON AV, KILBOURN AVE, TAYLOR ST, WASHTENAW AV, FRANKLIN BV, ERIE ST, FULTON ST, RICHMOND ST, LAKE ST, MONROE STREET, HOYNE AVE, RIDGEWAY AVE, WASHINGTON BL, CARROLL AV, FAIRFIELD AV, GARFIELD SQ, KENTON , KINZIE ST, RIDGEWAY AV, AVERS AVE, OHIO ST, ROOSEVELT RD, DENVIR AVE, ROCKWELL ST, CARROLL DR, HURON ST, ONTARIO ST, LEXINGTON , MAPLEWOOD AV, CICERO AVE, FULTON BL, SAWYER AV, WASHINGTON BLVD, HOMAN AVE, WASHINGTON BV, MILLARD AVE, MCCREA DR, MADISON ST, HADDON AV, INDEPENDENCE BL, CHICAGO AV, CAMPBELL AVE, KEDZIE AV, DRAKE AV, SPRINGFIELD AV, KOSTNER AV, RICE ST, TRUMBULL AVE, HOMAN AV, MARQUETTE RD, KARLOV AV, FULTON DR, FLOURNOY ST, WHIPPLE ST, MONTICELLO AVE, FRANCISCO AV, GLADYS AV, JACKSON BLVD, HADDON AVE, ARTESIAN AV, CAMPBELL AV, TROY ST, KEDVALE AV, KEELER AVE, SPRINGFIELD AVE, AUGUSTA BL"
025,"KENOSHA AVE, SAYRE AV, LOWELL AVE, HIRSCH ST, MERRIMAC AV, MEDILL AVE, WRIGHTWOOD AV, WELLINGTON AV, SAYRE AVE, PARKER AV, OKETO AV, LOTUS AVE, SHAKESPEARE AVE, KOLMAR AV, LUNA AV, PARKER AVE, NEVA AVE, RUTHERFORD AV, ODELL AVE, FULLERTON AV, LAPORTE AV, GRAND AV, KAMERLING AV, MONT CLARE, NORMANDY AVE, LECLAIRE AVE, KILPATRICK AV, DIVERSEY AV, DAVLIN CT, ALLEN AVE, ELSTON AVE, NORDICA AV, NEWCASTLE AVE, OAKDALE AV, OKETO AVE, LEAMINGTON AVE, KENTON AVE, MEADE AV, BELDEN AVE, OAKDALE AVE, HAMLIN AV, POTOMAC AVE, LAWLER AVE, ODELL AV, LECLAIRE AV, KILDARE AVE, TRIPP AVE, MAJOR AVE, NOTTINGHAM AVE, LONG AVE, MILWAUKEE AV, LARAMIE AVE, ALTGELD ST, MOBILE AV, WALLER AV, LOCKWOOD AVE, MAYFIELD , GALEWOOD AVE, MASSASOIT AV, PAULINA ST, OLEANDER AVE, KOLMAR AVE, CENTRAL AVE, KOLIN AVE, KILDARE AV, KOSTNER AVE, MANGO AV, HARDING ST, BLOOMINGDALE AVE, VAN BUREN, BELMONT AVE, AUSTIN AVE, NELSON ST, DRUMMOND PL, ARMITAGE AV, BELMONT AV, BELDEN AV, LOTUS AV, MELVINA AVE, KEDVALE AVE, OLEANDER AV, LINDER AV, NATCHEZ AV, HANSON AVE, BRADLEY PL, OSCEOLA AVE, KEELER AV, HAMLIN AVE, LUNA AVE, DIVERSEY AVE, NORTH AV, WRIGHTWOOD AVE, KEYSTONE AVE, MEADE AVE, MAYFIELD AVE, HAUSSEN CT, KARLOV AVE, NATOMA AVE, OCONTO AVE, POTOMAC AV, KILBOURN AVE, KEARSARGE AVE, KNOX AV, NAGLE AVE, NARRAGANSETT AV, MENARD AVE, MANGO AVE, MARMORA AVE, HARLEM AV, MONTANA ST, WELLINGTON AVE, LEAMINGTON AV, AVERS AVE, AUSTIN BLVD, FULLERTON AVE, CRYSTAL ST, OAK PARK, AUSTIN AV, ARMITAGE AVE, OLCOTT AV, OLCOTT AVE, LOWELL AV, DEMING PL, MANNHEIM RD, LE MOYNE, WOLFRAM ST, LAWLER AV, NARRAGANSETT AVE, SPRINGFIELD AV, KOSTNER AV, BLOOMINGDALE AV, KNOX AVE, NASHVILLE AVE, LACROSSE AV, ORIOLE AV, PINE AV, MULLIGAN AVE, FULLERTON , KEELER AVE, PIERCE AV, OCTAVIA AVE, LYNDALE ST, LOCKWOOD AV, ORIOLE AVE, LAMON AV, NEENAH AV, KEDZIE AVE, LINDER AVE, MASSASOIT AVE, MONTICELLO AV, KAMERLING AVE, CLEVELAND AVE, MONTCLARE AVE, MOODY AVE, MULLIGAN AV, BARRY AVE, GEORGE ST, NEWCASTLE AV, HARDING AVE, DICKENS AVE, HUMBOLDT BLVD, MAYFIELD AV, HARDING AV, OSCEOLA AV, MC LEAN, LOREL AVE, PULASKI RD, WEST END, MASON AVE, LOREL AV, KENTON AV, LA CROSSE, MENARD AV, KENOSHA AV, PALMER ST, MILWAUKEE AVE, LAWNDALE AVE`, LONG AV, BARRY AV, LATROBE AV, SHAKESPEARE AV, DIVISION ST, KEATING AVE, WOOD ST, CORTLAND ST, GRAND AVE, PULASKI , TRIPP AV, MAJOR AV, RUTHERFORD AVE, PIERCE AVE, NEWLAND AVE, CONCORD PL, OCONTO AV, CENTRAL PARK, NOTTINGHAM AV, MASON AV, PARKSIDE AV, KEYSTONE AV, KILBOURN AV, KOLIN AV, LARAMIE AV, LEMOYNE ST., BLOOMINGDALE TRL, LATROBE AVE, CICERO AV, MCLEAN AV, KILPATRICK AVE, PINE AVE, NORA AVE, KEARSARGE AV, AVERS AV, HOMER ST, KENNETH AVE, LAWNDALE AVE, FAIRBANKS CT,  KOSTNER, NAGLE AV, KENNETH AV, LAWNDALE AV, ADDISON ST, PARKSIDE AVE, DIVISION STREET, SCHUBERT AV, NATCHEZ AVE, LAMON AVE, RIDGEWAY AVE, MONITOR AVE, MOBILE AVE, NEENAH AVE, MC VICKER, SCHUBERT AVE, NEWLAND AV, RIDGEWAY AV, ST PAUL, MEDILL AV, OCTAVIA AV, WABANSIA AVE, LATROBE , 54TH PL, CICERO AVE, NATOMA AV, MONITOR AV, NEW ENGLAND, WABANSIA AV, DICKENS AV, LAPORTE AVE, KEATING AV, MARMORA AV, NEVA AV, KARLOV AV, NORMANDY AV, CENTRAL AV, RIDGE AVE, MONTICELLO AVE, NASHVILLE AV, MELVINA AV, FLETCHER ST, AUSTIN BL, MERRIMAC AVE, LAVERGNE AVE, NORA AV, NORDICA AVE, MOODY AV, MCVICKER AV, LAVERGNE AV, WALLER AVE, HARLEM AVE, NORTH AVE, MONTCLARE AV, KEDVALE AV, SPRINGFIELD AVE"
005,"113TH ST, 61ST ST, 117 PL, 97 ST, 107TH ST, 117 ST, 113TH PL, VERNON , 116TH ST, 100TH PL, ELLIS AV, FRONT AVE, 108TH PL, 118 PL, 104TH PL, 126TH PL, CORLISS AVE, 130TH PL, 136TH PL, 119TH PL, 97TH ST, 96TH ST, LAFAYETTE AV, 119 ST, HARVARD AV, 118TH ST, 101ST PL, 116TH PL, INGLESIDE AV, 116 PL, HALSTED ST, 129 PL, 97TH PL, 127 ST, AVALON AV, WASHINGTON, MICHIGAN AV, 101 ST, 131 PL, CARROLL AVE, PEORIA ST, STEWART AV, RIVERDALE AVE, 122 ST, OB BISHOP, HARTREY, 128TH PL, 122ND PL, INDIANA AVE, BENNETT AVE, DAN RYAN, 115TH ST, LOOMIS ST, 103RD PL, GREENWOOD AV, WABASH AVE, 111TH PL, 104TH ST, 129TH PL, 111 PL, 113 ST, 108TH ST, INDIANA AV, 101 PL, NORMAL AV, LA SALLE, PAULINA ST, 112TH ST, FOREST AV, 110TH ST, JUSTINE ST, BRAYTON ST, 128TH ST, LEYDEN AV, 98 PL, DAUPHIN AVE, 113 PL, DOBSON AV, EVANS AVE, 112 STREET, LAFAYETTE AVE, DR MARTIN, 120TH ST, 138TH ST, 134TH ST, 121ST PL, VERNON AV, 126TH ST, 101ST ST, 127 PL, 134 PL, 133 PL, 112 ST, LANGLEY AV, ASHLAND AVE, RHODES AVE, CONFIDENTIAL, 125TH PL, 104 ST, 119TH ST, 121 PL, 95 PL, INGLESIDE AVE, 103 PL, 111TH ST, ATLANTIC, 96TH PL, FORRESTVILLE AVE, 102 PL, UNIVERSITY AV, 109 ST, 133RD ST, KENSINGTON AV, KING DR, 136 PL, LAFLIN ST, 105 ST, 131 ST, WALLACE ST, PARNELL AVE, ELIZABETH ST, 110 ST, RACINE AV, 130 PL, DR MARTN, 111 ST, NORMAL, DANIEL DR, LANGLEY AVE, 109 PL, MAY ST, STATE STREET, HALSTED STREET, 131ST ST, 120TH PL, 133 ST, AVALON AVE, 122ND ST, 135 PL, 126 PL, 133RD PL, 99 ST, CORLISS AV, HARPER AVE, 96 ST, EVANS AV, LASALLE ST, DOTY AV, PARNELL AV, MORGAN ST, BISHOP FORD, ASHLAND AV, 115TH AVE, UNION AV, 115 ST, 95TH ST, LASALLE STREET, ST LAWRENCE, 127TH PL, RHODES AV, 126 ST, 107 PL, 103 ST, 124TH PL, 134TH PL, CALUMET AVE, CHAMPLAIN AV, 100 ST, DREXEL AV, WABASH AV, ADA ST, 124 ST, 100TH ST, 108 PL, 127TH ST, 116 ST, VERMONT ST, 134 ST, DOTY AVE, 117TH ST, STATE ST, 114TH ST, FOREST AVE, CARPENTER ST, 96 PL, HARPER AV, 106TH ST, 110 PL, 108 ST, I57 EXPY, 98TH ST, 99TH PL, 110TH PL, HARVARD AVE, LEYDEN AVE, MARYLAND AV, 132 ST, LOWE AV, DOBSON AVE, 114TH PL, THROOP ST, WOODLAWN AV, DAUPHIN AV, 97 PL, LOWE AVE, 106 PL, 114 ST, MARYLAND AVE, FORRESTVILLE AV, 123 ST, PERRY AVE, 107TH PL, 138 ST, 118TH PL, 137TH ST, WOODLAWN AVE, YALE AVE, PRINCETON AV, 121ST ST, CALUMET AV, 98TH PL, 99 PL, VERNON AVE, BISHOP ST, NORMAL AVE, 125TH ST, CARVER DR, 131ST PL, GREENWOOD AVE, 120 ST, EGGLESTON AV, 115TH PL, COTTAGE GROVE, 124TH ST, 119 PL, 109TH PL, 128 PL, EDBROOKE AVE, 106TH PL, 120 STREET, CHAMPLAIN AVE, ESSEX AVE, STEWART AVE, WESTERN AVE, SANGAMON ST, EBERHART AVE, 112TH PL, 132 PL, 112 PL, EMERALD AV, FRONT AV, 130TH ST, 107 ST, 115 PL, RIVERDALE AV, 128 ST, 132ND PL, YALE AV, STONY ISLAND, 103RD ST, ELLIS AVE, MICHIGAN AVE, 100 PL, 132ND ST, 105 PL, 135TH PL, KENSINGTON AVE, 125 PL, WENTWORTH ST, 102ND PL, 122 PL, 98 ST, EGGLESTON AVE, 136TH ST, EBERHART AV., EGGLESTON , 136 ST, RACINE AVE, LAFLIN AVE, 105TH ST, PRINCETON AVE, UNIVERSITY AVE, 130 ST, 128 PLACE, 124 PL, 114 PL, 99TH ST, ABERDEEN ST, PRAIRIE AV, 104 PL, 117TH PL, 113 STREET, DORCHESTER AV, PRAIRIE AVE, DREXEL AVE, UNKNOWN, EDBROOKE AV, TRUMBULL AVE, 118 ST, EBERHART AV, 105TH PL, 109TH ST, 102 ST, 95 ST, WHIPPLE ST, DORCHESTER AVE, PERRY AV, 95TH PL, UNION AVE, 137 ST, 91ST ST, 125 ST, GREEN ST, 120 PL, ASHER ST, 123RD ST, WENTWORTH AV, WENTWORTH AVE, 106 ST, 121 ST, 102ND ST, BLACKSTONE AV, EMERALD AVE"
003,"61ST PL, 61ST ST, 66 PL, 63 ST, KEEFE AVE, HARTWELL AVE, MARQUETTE AV, CORNELL AV, JEFFERY BLVD, ELLIS AV, CONSTANCE AV, EUCLID PKWY, OGLESBY AV, 73RD PL, 62 PL, PAXTON AV, LAFAYETTE AV, 69 ST, COLES AVE, COAST GUARD, 64 PL, INGLESIDE AV, CORNELL AVE, LUELLA AVE, EVERETT AV, COLUMBIA DR, MICHIGAN AV, EUCLID AVE, 67TH ST, LAKE SHORE, JEFFERY AV, ANTHONY AVE, KEEFE AV, INDIANA AVE, BENNETT AVE, BALDWIN AV, DAN RYAN, GREENWOOD AV, WABASH AVE, COLES AV, PARK SHORE, 72 PL, DANTE AVE, INDIANA AV, 74 PL, LA SALLE, 56TH ST, CYRIL AVE, 63 PL, 73RD ST, 64TH PL, YATES AVE, DOBSON AV, MINERVA AVE, EVANS AVE, LAFAYETTE AVE, DR MARTIN, 74TH PL, VERNON AV, EVERETT DR, 65TH PL, 71 PL, 70 PL, LANGLEY AV, RHODES AVE, BOWLING GREEN, 71 ST., INGLESIDE AVE, BLACKSTONE AVE, PROMONTORY DR, 69 PL, CTA 69TH, VINCENNES AV, UNIVERSITY AV, JEFFERY AVE, KING DR, 72ND ST, DR MARTN, BALDWIN AVE, EXCHANGE AV, LANGLEY AVE, BENNETT AV, MAY ST, STATE STREET, 65TH ST, MIDWAY PLAISANCE, 70TH PL, KIMBARK AV, HARPER AVE, YATES BLVD, CLYDE AVE, SOUTH CHICAGO, 64TH ST, RICHARDS DR, EVANS AV, LASALLE ST, 53RD ST, 71 ST, MARQUETTE DR, 73 ST, 70TH ST, 62ND PL, 72 ST, MERRILL AVE, ST LAWRENCE, RHODES AV, CHAPPEL AVE, MERRILL AV, 69TH PL, CALUMET AVE, 80TH ST, CHAMPLAIN AV, WABASH AV, DREXEL AV, 72ND PL, ADA ST, 74 ST, JEFFERY BL, 56 ST, 64 STREET, STATE ST, PHILLIPS AVE, KENWOOD AVE, CREGIER AVE, 75 ST, 69TH ST, HARPER AV, CHICAGO SKYWAY, PROMONTARY DR., MARYLAND AV, SOUTH SHORE, 74TH ST, 60TH ST, DOBSON AVE, CONSTANCE AVE, 70 ST, 71ST PL, WOODLAWN AV, M L, MARYLAND AVE, 71ST ST, RIDGE AV, PERRY AVE, ROOT ST, KIMBARK AVE, WOODLAWN AVE, YATES AV, 65 ST, YALE AVE, CALUMET AV, HAYES DR, 73 PL, PAVILION PLAZA, VERNON AVE, RIDGELAND AVE, 66 ST, CORNELL DR, KINGSTON AVE, CYRIL AV, 67 STREET, GREENWOOD AVE, 67 ST, KINGSTON AV, COTTAGE GROVE, CRANDON AVE, PAXTON AVE, MINERVA AV, EXCHANGE AVE, CHAMPLAIN AVE, PHILLIPS AV, ESSEX AVE, 60 ST, CRANDON AV, EBERHART AVE, HYDE PARK, 63RD ST, COLFAX AV, KENWOOD AV, OGLESBY AVE, DES PLAINES, EUCLID PW, COMMODORE WHALEN, STONY ISLAND, 67 PL, MUSEUM DR, ELLIS AVE, 61 ST, MICHIGAN AVE, CRANDON , 66TH ST, CLYDE AV, 68TH ST, YATES BL, 62ND ST, DANTE AV, CHAPPEL AV, 61 PL, 67TH PL, HARTWELL AV, 66TH PL, 64 ST, ST. LAWRENCE, UNIVERSITY AVE, PRAIRIE AV, COLFAX AVE, 65 PL, 57TH DR, 68 ST, CREGIER AV, DORCHESTER AV, PRAIRIE AVE, DREXEL AVE, 62 ST, 63RD PL, ANTHONY AV, MARQUETTE RD, LUELLA AV, EBERHART AV, 75TH ST, 95 ST, DORCHESTER AVE, PERRY AV, EAST END, WENTWORTH AV, JEFFERY DR, WENTWORTH AVE, EUCLID AV, ESCANABA AVE, RIDGELAND AV, BLACKSTONE AV"
016,"B20 ST, ARDMORE AV, PRATT AVE, LUNDY AVE, FORESTVIEW AV, C9 ST, F7 ST, C19 ST, OTTO AVE, MANKATO AV, REDWOOD AV, WARWICK AVE, RASCHER AV, BRODMAN AVE, B17 ST, G5 ST, FOSTER PL, LEADER AV, MILTIMORE AV, F4 ST, POST 2A, LIANO AV, F6 ST, KINZUA AV, G7 ST, RUTHERFORD AV, LELAND AV, ARMSTRONG AV, LYNCH AVE, MORSE AVE, LONDON AV, OTTAWA AVE, NASHOTAH AVE, LANDERS AVE, L2 ST, MONT CLARE, BUSSE AV, OCC ST, WILSON AV, SOMERSET AV, PAGE AVE, NAVAJO AVE, TOUHY AV, JEAN AVE, OSHKOSH AVE, C22 ST, LEAMINGTON AVE, B6 ST, CLARENCE AV, CLIFFORD AVE, G16 18, KIMBALL AVE, F8 ST, BERENICE AVE, LAWLER AVE, LIANO AVE, LEONARD AV, MAJOR AVE, TALCOTT AV, C31 ST, LONG AVE, MILWAUKEE AV, NAVAJO AV, LARAMIE AVE, NAPOLEON AVE, PRATT AV, MILTIMORE AVE, PLAINFIELD AV, RASCHER AVE, EVELYN LN, ELSTON AV, G6 ST, ORANGE AVE, CENTRAL AVE, NASSAU AVE, OZARK AVE, MENDOTA AV, CTA OHARE, HIAWATHA AV, CHECKPOINT 2A, WARNER AV, MC ALPIN, JOYCE LN, H5 ST, BERTEAU AVE, M7 ST, BALMORAL AVE, CHECKPOINT 5, CORNELIA AVE, BELMONT AVE, AUSTIN AVE, WINNEMAC AV, GRACE ST, LOTUS AV, EAST RIVER, MARKHAM AVE, K13 ST, E13 ST, MEMORY LN, LANSING AVE, B22 ST, OLEANDER AV, LINDER AV, FAIRFIELD AVE, CULLOM AV, OSCEOLA AVE, NIAGARA AV, LUNA AVE, CONFIDENTIAL, ASHLAND AVE, ALBION AV, OGALLAH AVE, LEGETT AVE, MEADE AVE, FARWELL AV, ONARGA AVE, PARIS AVE, CHECKPOINT 6, GREGORY ST, NATOMA AVE, OLIPHANT AV, OCONTO AVE, B5 ST, IONIA AV, EDMUNDS ST, CUMBERLAND AVE, KILBOURN AVE, MCLEOD AV, HIGHLAND AV, CLIFFORD AV, NARRAGANSETT AV, PARIS AV, THORNDALE AV, NINA AVE, H14 ST, LIEB AVE, MENARD AVE, EDGEBROOK TER, DOOR A, MANGO AVE, MARMORA AVE, STRONG ST, LUNT AVE, HARLEM AV, WINDSOR AV, HAYES AVE, PETERSON AV, LUCERNE AV, OAK PARK, HUTCHINSON ST, B14 ST, OSAGE AVE, CAB LOT, MANKATO AVE, CATHERINE AVE, HOMAN AVE, MANNHEIM RD, COMMONS DR, NEWPORT AV, LEMONT AV, CHECKPOINT 2, DEVON AVE, NORTHCOTT AVE, ARGYLE ST, FARGO AV, NARRAGANSETT AVE, ARTHUR AVE, NAPLES AVE, LATHAM AV, ROGERS AVE, RIVER RD, FOREST GLEN, WILSON AVE, SUMMERDALE AVE, BAGGAGE ALY, CORNELIA AV, RESERVE AVE, ALBION AVE, CITY TOWER, POST 16, H17 ST, L4 ST, M18 ST, LANDERS AV, CUYLER AVE, L6 ST, E1 ST, HAFT ST, RWY 28R, ORIOLE AV, FARWELL AVE, LAWRENCE AVE, CHECKPOINT 1, MULLIGAN AVE, OCTAVIA AVE, BETTY GLOYD, LELAND AVE, LOCKWOOD AV, WARWICK AV, H8 ST, BRYN MAWR, DELPHIA AVE, ORIOLE AVE, CONCOURSE B, LAMON AV, NEENAH AV, PONTIAC AV, M16 ST, EVERELL AVE, HOBART AVE, LINDER AVE, GUNNISON ST, G4 ST, SPOKANE AV, BESSIE COLEMAN, ISHAM AV, LOUISE AV, HORTENSE AVE, NEWARK AVE, B4 ST, OTTO AV, HOWARD ST, FAA TOWER, H11B ST, K9 ST, OHARE ST, FARRAGUT AVE, BELLE PLAINE, DAKIN ST, B10 ST, MARIA CT, OLMSTED AV, H3 ST, OSCEOLA AV, NASSAU AV, NORTHWEST HWY, NORWOOD ST, GIDDINGS ST, EDENS PW, MEDINA AVE, MANTON AV, LACEY AVE, ARDMORE AVE, DELPHIA AV, OSAGE AV, HIGGINS AVE, MEDFORD AVE, MONTROSE AVE, SOMERSET AVE, EASTWOOD AV, CHASE AVE, CAHILL TR, THORNDALE AVE, CHECKPOINT 9, B7 ST, LOLETA AVE, E2 ST, NEOLA AVE, NINA AV, AGATITE AVE, MINNEHAHA AV, BERENICE AV, MILWAUKEE AVE, CHECKPOINT 7, NEWBURG AV, B3 ST, BIRCHWOOD AVE, C3 ST, C28 ST, ZEMKE RD, LATROBE AV, PONCHARTRAIN BV, SUNNYSIDE AVE, HURLBUT ST, LEHIGH AV, MAYPOLE AVE, G1A ST, LOLETA AV, MAGNET AV, GRAND AVE, BRODMAN AV, L10 ST, M3 ST, BERWYN AVE, PONCHARTRAIN BLVD, LYNCH AV, RWY 14L, GROVER ST, G19 ST, LIEB AV, RUTHERFORD AVE, H10 ST, IRVING PARK, NEWLAND AVE, K2 ST, CENTRAL PARK, LANSING AV, SIOUX AV, PENSACOLA AV, MASON AV, EAST CIRCLE, LATHAM AVE, E15 ST, B18 ST, C6 ST, CUYLER AV, LEAVENWORTH AV, F9 ST, CALDWELL AVE, LARAMIE AV, CARMEN AVE, LIPPS AV, KENNEDY XP, C1 ST, LIGHTFOOT AVE, NEWARK AV, G8 ST, COLUMBIA AVE, CICERO AV, PACIFIC AV, PRESCOTT AVE, B2 ST, SCHREIBER AV, DES PLAINES, GALE ST, PENSACOLA AVE, K16 ST, CONCOURSE C, L8 ST, TONTY AV, CHESTER AV, CHECKPOINT 4, K20 ST, PIONEER AVE, IONIA AVE, LAWNDALE AVE, GETTYSBURG ST, WINONA ST, AINSLIE ST, DOWAGIAC AV, LENOX AV, LUDLAM AV, BUSSE AVE, OLIVE AVE, PARKSIDE AVE, CATHERINE AV, B9 ST, MOSELLE AV, HUNTINGTON ST, MIAMI AVE, F10 ST, E4 ST, LAMON AVE, MONITOR AVE, MOBILE AVE, NEENAH AVE, L7 ST, ROSEDALE AV, M12 ST, LEMAI AV, NEWLAND AV, CANFIELD AV, ORANGE AV, RESERVE AV, CARMEN AV, PITTSBURGH AV, LEROY AVE, LOVEJOY AV, WAVELAND AV, MATSON AV, CICERO AVE, LEAVENWORTH AVE, M21 ST, TONTY AVE, CHASE AV, G12 ST, POTAWATOMIE AVE, CATALPA AVE, WINNEMAC AVE, E7 ST, HIGGINS RD, DOOR D, CONCOURSE A, OZARK AV, K8 ST, FITCH AV, M4 ST, FOSTER AV, LAPORTE AVE, DOOR C, MARMORA AV, NORMANDY AV, FARGO AVE, TERMINAL ST, F12 ST, G10 ST, NIXON AVE, HOOD AV, HIAWATHA AVE, NASHVILLE AV, NOKOMIS AVE, CATALPA AV, C17 ST, MERRIMAC AVE, M9 ST, E8 ST, LAVERGNE AVE, MOODY AV, MCVICKER AV, OLMSTED AVE, C26 ST, OLYMPIA AV, LAVERGNE AV, DICKINSON AVE, B1 ST, MONTCLARE AV, ESTES AV, PACIFIC AVE, ROSE ST, L3 ST, GREENLEAF AV, SAYRE AV, WILDWOOD AV, MYRTLE AV, COYLE AVE, CHECKPOINT 7A, MERRIMAC AV, SIOUX AVE, WARNER AVE, SAYRE AVE, IMLAY ST, OKETO AV, K4 ST, LOTUS AVE, LESTER AV, E2A ST, LUNA AV, MINNETONKA AV, NEVA AVE, F2 ST, NETTLETON AVE, C25 ST, ODELL AVE, K18 ST, H12 ST, ISHAM AVE, M19 ST, NEW HAMPSHIRE, L5 ST, LAPORTE AV, MCCLELLAN AV, F5 ST, CULLOM AVE, NICKERSON AV, HAYES AV, OAKVIEW AV, OLIPHANT AVE, RWY 14R, PATTON AVE, LORON AV, AVONDALE AVE, NORMANDY AVE, LECLAIRE AVE, MC LEOD, CASTLE ISLAND, ONEIDA AVE, LE MAI, ELSTON AVE, M2 ST, NORDICA AV, NEWCASTLE AVE, LESTER AVE, OKETO AVE, NAVARRE AV, LEGETT AV, B12 ST, MEREDITH AVE, MEADE AV, LEADER AVE, PANAMA AV, LIPPS AVE, SAUGANASH AV, PALATINE AV, SUNNYSIDE AV, E3 ST, LAS CASAS, ONARGA AV, MOSELLE AVE, SPOKANE AVE, LAWRENCE AV, ODELL AV, NAPER AV, EVERELL AV, B11 ST, M11 ST, LECLAIRE AV, EDENS EXPY, ROSEMONT AVE, NOTTINGHAM AVE, C4 ST, TWYPP ST, SCHILLING RD, GLENLAKE AVE, ESTES AVE, JARVIS AV, CONCOURSE F, LENOX AVE, PIONEER AV, M10 ST, OLIVE AV, K3 ST, MOBILE AV, CHECKPOINT 10, LOCKWOOD AVE, PONTIAC AVE, JARVIS AVE, NORTHCOTT AV, OLEANDER AVE, PALATINE AVE, NORTHWEST HW, LEONA AV, HAMILTON, HOLBROOK ST, MANGO AV, MC COOK, FITCH AVE, MYRTLE AVE, ST JOSEPH, WEST CIRCLE, DEVON AV, LEHIGH AVE, OVERHILL AV, HORTENSE AV, G1B ST, C11 ST, BIRCHWOOD AV, NEWPORT AVE, MINNEHAHA AVE, LEONA AVE, BELMONT AV, MEMORY LA, MELVINA AVE, H15 ST, BERTEAU AV, C15 ST, C8 ST, NATCHEZ AV, PARKING LOT, CALDWELL AV, DOOR F, KEOTA AVE, DOOR H, VICTORIA ST, SHERWIN AVE, FOREST PRESERVE, CHESTER AVE, LORING AVE, K7 ST, PANAMA AVE, G14A ST, WAUKESHA AV, PETERSON AVE, NAGLE AVE, B8 ST, DOOR G, L9 ST, NICKERSON AVE, HENDERSON ST, LEOTI AVE, MINNETONKA AVE, LEAMINGTON AV, ROSEMONT AV, AUSTIN AV, CANFIELD AVE, H6 ST, JEROME ST, OLCOTT AV, K5 ST, MC CLELLAN, PITTSBURGH AVE, OLCOTT AVE, NEWBURG AVE, NAVARRE AVE, C12 ST, LAWLER AV, H16 ST, JARLATH ST, C20 ST, L1A 1B, OTTAWA AV, SEMINOLE ST, G11 ST, C27 ST, PONCHARTRAIN BL, WINDSOR AVE, B21 ST, BALMORAL AV, LUDLAM AVE, NASHVILLE AVE, AVONDALE AV, LEROY AV, ALGONQUIN AVE, SCHREIBER AVE, COYLE AV, LACROSSE AV, M13 ST, PATTERSON AV, M8 ST, NEOLA AV, OLYMPIA AVE, MIAMI AV, 33RD PL, POTAWATOMIE AV, LOUISE AVE, LARNED AVE, H2 ST, C29 ST, FOSTER AVE, NORTH SHORE, G3 ST, RUNWAY 1836, I190 EXPY, RWY 27R, SHERWIN AV, MONON AVE, MONTCLARE AVE, MOODY AVE, MULLIGAN AV, NOKOMIS AV, LIVERMORE AVE, OVERHILL AVE, HYACINTH ST, DOWAGIAC AVE, NEWCASTLE AV, LORON AVE, OSHKOSH AV, MATSON AVE, C18 ST, H9 ST, CUMBERLAND AV, SCHOOL ST, JOYCE LA, EDENS PKWY, SHERIDAN RD, CAHILL TER, ROSCOE ST, OXFORD AVE, OXFORD AV, LIGHTFOOT AV, C24 ST, SAUGANASH AVE, OPAL AVE, LEONARD AVE, NIAGARA AVE, MASON AVE, G21 ST, M15 ST, G13 ST, LA CROSSE, MENARD AV, SCHORSCH ST, K12 ST, MARKHAM AV, BERWYN AV, C7 ST, LONDON AVE, LONG AV, INDIAN RD, GOODMAN ST, AGATITE AV, DIVISION ST, LIND AV, STAGING AREA, CHECKPOINT 8, F1 ST, CONCOURSE H, C10 ST, SERBIAN RD, DOOR B, MAJOR AV, CHECKPOINT 4A, CARGO RD, EDDY ST, C16 ST, H11A ST, NAPLES AV, TAHOMA AV, WESLEY TER, HOOD AVE, MAGNET AVE, ROSEDALE AVE, MENDOTA AVE, OGALLAH AV, OCONTO AV, NOTTINGHAM AV, C21 ST, PARKSIDE AV, LUNT AV, MELROSE ST, DOOR E, K1 ST, KENNEDY EXPY, E6 ST, NAPOLEON AV, SEYMOUR AVE, C2 ST, PLAINFIELD AVE, LATROBE AVE, KINZUA AVE, K19 ST, REDWOOD DR, M5 ST, NORA AVE, GREENLEAF AVE, HOBART AV, HERMIONE ST, TAHOMA AVE, JEAN AV, LIND AVE, CHECKPOINT 3, C5 ST, WAVELAND AVE, OAKVIEW AVE, CHICORA AV, WILDWOOD AVE, TOUHY AVE, OWEN AVE, K10 10B, NAGLE AV, OPAL AV, HIGHLAND AVE, ARMSTRONG AVE, SUMMERDALE AV, MONTROSE AV, ADDISON ST, B16 ST, CLARENCE AVE, K15 ST, MANTON AVE, LEMONT AVE, RAVEN ST, NIXON AV, RWY 10L, REDWOOD AVE, NATCHEZ AVE, MANILA AVE, EDGEBROOK TR, EAST VIEW, FARRAGUT AV, MC VICKER, M17 ST, MANDELL AVE, LUCERNE AVE, NAPER AVE, KEOTA AV, CHICORA AVE, OCTAVIA AV, OZANAM AV, OHARE FIELD, MEDINA AV, H1 ST, H4 ST, NATOMA AV, FOREST VIEW, MONITOR AV, HOTEL DR, K6A ST, NEW ENGLAND, BYRON ST, LARNED AV, MCALPIN AV, DICKINSON AV, PATTERSON AVE, ANTHON AV, IB KENNEDY, OTSEGO AVE, FAIRVIEW AVE, LEOTI AV, ANTHON AVE, NEVA AV, NICOLET AVE, TALCOTT AVE, OZANAM AVE, CENTRAL AV, WAUKESHA AVE, MELVINA AV, E11 ST, NORA AV, M14 ST, THATCHER RD, BITTERSWEET PL, NORDICA AVE, PAGE AV, CONCOURSE M, LOVEJOY AVE, F3 ST, GLENLAKE AV, EASTWOOD AVE, HIGGINS AV, IBSEN ST, HARLEM AVE, G2A 2B"
018,"CROSBY ST, MEDILL AVE, DAYTON ST, OLD TOWN, GENEVA TR, LOWER LA, SHAKESPEARE AVE, HAINES ST, OGDEN AVE, CLIFTON AVE, WEED ST, FAIR PL, SANDALWOOD DR, LINCOLN AV, FULLERTON AV, MAUD AVE, DIVISION ST., MAGNOLIA AV, CLEVELAND ST, MEYER AV, GRAND AV, LINCOLN AVE, INSTITUTE PL, CHILDRENS PZ, HALSTED ST, CANNON DR, WEBSTER AV, N BRANCH, PEARSON ST, CLARK ST, LOWER ILLINOIS, MICHIGAN AV, TOOKER PL, CARROLL AVE, LAKE SHORE, BELDEN AVE, NORTH BL, BELLEVUE PL, MENOMONEE ST, PARK DR, WEBSTER AVE, FRONTIER AVE, FELTON CT, BLISS ST, RIVER DR, INDIANA AVE, LINCOLN PK, WABASH AVE, SUTTON PL, DEWITT PL, MERCHANDISE MART, OHIO FEEDER, NORTH BRANCH, MOHAWK ST, WALTON PL, KINGSBURY ST, SOUTHPORT AV, HOBBIE ST, LA SALLE, STREETER DR, STONE ST, HILL ST, GREENVIEW AV, KEMPER PL, LINCOLN PARK, FULLERTON PW, STATE PKWY, DEARBORN PKWY, NORTH PARK, CLIFTON AV, WACKER DR, DICKENS BL, RIVERWALK E, LOWER MICHIGAN, ARMITAGE AV, BELDEN AV, LOWER WABASH, EVERGREEN AV, HICKORY AV, OGDEN, RIVERWALK EAST, ASHLAND AVE, NORTH AV, IOWA ST, NORTH WATER, COMMONWEALTH AV, EVERGREEN AVE, WAYNE AVE, SOUTHPORT AVE, SHEFFIELD AVE, CARROLL AV, CHICAGO RIVER, GOETHE ST, RACINE AV, MAGNOLIA AVE, LAKEWOOD AVE, FULLERTON AVE, CRYSTAL ST, ARMITAGE AVE, ONTARIO ST, HURON ST, CAMPBELL PL, FULLERTON DR, BOSWORTH AV, BOSWORTH AVE, POE ST, LAKEWOOD AV, JANSSEN AV, LINCOLN PLZ, LASALLE ST, EASTMAN ST, MC CLURG, CHERRY AVE, FULLERTON PKWY, WELLS ST, MAUD AV, ASHLAND AV, WOLF POINT, BISSELL ST, SANDBURG TR, HUDSON AVE, LOWER LAKE, LAWRENCE AVE, SENECA ST, LOWER NORTH, CRILLY CT, MARCEY ST, WABASH AV, 147TH ST, HUDSON AV, NEW ST, KENMORE AVE, LARRABEE ST, HOOKER ST, SEMINARY AVE, STATE ST, SEMINARY AV, LOWER COLUMBUS, WENDELL ST, CLEVELAND AVE, EUGENIE ST, ELM ST, MERCHANDISE MRT, ORLEANS ST, BARRY AVE, SEDGWICK ST, ASTOR ST, DICKENS DR, SUPERIOR ST, DEARBORN PW, FRANKLIN ST, DICKENS AVE, BANKS ST, BURLING ST, SCHILLER ST, MC LEAN, DEARBORN ST, NORTH BLVD, WISCONSIN ST, CHILDRENS PLZ, RAVENSWOOD AV,  QUINCY, CHICAGO AVE, BURTON PL, OAK ST, STOCKTON DR, CEDAR ST, COMMONWEALTH AVE, BLACKHAWK ST, CLEVELAND AV, SHAKESPEARE AV, OGDEN AV, CHALMERS PL, DIVISION ST, ST MICHAELS, WOOD ST, SANDBURG TER, JANSSEN AVE, GRAND AVE, CORTLAND ST, WIELAND ST, PESHTIGO CT, CONCORD PL, GERMANIA PL, ST CLAIR, CONCORD LN, DICKENS BLVD, FERN CT, WASHINGTON ST, MCLEAN AV, KILPATRICK AVE, ORCHARD ST, MIES VAN, RUSH ST, WEBSTER DR, GENEVA TER, MCCLURG CT, MICHIGAN AVE, WALTON ST, CHESTNUT ST, FAIRBANKS CT, MAPLEWOOD AVE, SCOTT ST, CAMBRIDGE AVE, GREENVIEW AVE, DIVISION STREET, HOWE ST, HUBBARD ST, ERIE ST, COLUMBUS DR, CITY FRONT, RITCHIE CT, CHALMERS ST, WAYNE AV, DELAWARE PL, KENMORE AV, RACINE AVE, KINZIE ST, ST PAUL, MEDILL AV, OHIO ST, MEYER AVE,  HALSTED, CLYBOURN AVE, GRANT PL, DOMINICK ST, VINE ST, HICKORY AVE, MAPLE ST, TOWER CT, DICKENS AV, SCHICK PL, CHERRY AV, UNKNOWN, CHICAGO AV, CAMPBELL AVE, 18TH ST, STATE PW, ILLINOIS ST, LOWER HUBBARD, SULLIVAN ST, CLYBOURN AV, HUDSON ST, SHEFFIELD AV, FREMONT ST, WILLOW ST, NORTH AVE, CAMBRIDGE AV, LOCUST ST"
008,"MANN DR, B20 ST, 66 PL, GULLIKSON RD, 81 ST, 63 ST, 45TH PL, B17 ST, A3 ST, 75 PL, REILLY AVE, 100TH PL, PERSHING RD, 73RD PL, RUTHERFORD AV, 62 PL, 76TH PL, 86 PL, GARFIELD BV, 49TH ST, 69 ST, 44 ST, 55 PL, 64 PL, 66 STREET, B19 ST, KILPATRICK AV, CALIFORNIA AV, KILDARE BL, LEAMINGTON AVE, MOZART ST, KENTON AVE, 83 PL, CONCOURSE 4A, 80 ST, LAWLER AVE, 49 ST, 38TH ST, KILDARE AVE, TRIPP AVE, MAJOR AVE, 57TH ST, 48 PL, LONG AVE, WASHTENAW AVE, MEET N, 51ST PL, LARAMIE AVE, CALIFORNIA AVE, PAULINA ST, KOLMAR AVE, ARTESIAN AVE, KOLIN AVE, TALMAN AVE, CENTRAL AVE, 56TH ST, KILDARE AV, KOSTNER AVE, 82ND ST, TRUMBULL AV, 63 PL, HAYFORD ST, 64TH PL, T POINT, BELL AV., AUSTIN AVE, 57 PL, ELSDON AVE, 60TH PL, LOTUS AV, STEVENSON XP, INTERSTICHEL WAY, 71 PL, KEDVALE AVE, B22 ST, LINDER AV, FAIRFIELD AVE, KEELER AV, HAMLIN AVE, FRANCISCO AVE, LUNA AVE, CONFIDENTIAL, 85 ST, 82 PL, 44TH PL, 55TH ST, MEADE AVE, CONFIDENTIAL ST, MAYFIELD AVE, CHECKPOINT ST, NATOMA AVE, B5 ST, KILBOURN AVE, 78 ST, NARRAGANSETT AV, 79TH PL, MENARD AVE, 72ND ST, 58 PL, SCOTTSDALE AV, HARLEM AV, OAK PARK, B14 ST, 46TH PL, HOMAN AVE, 59 PL, 49TH PL, 42 ST, A9 ST, A4B ST, 70TH PL, CLAREMONT AV, NARRAGANSETT AVE, SPRINGFIELD AV, 64TH ST, 53RD ST, 73 ST, KNOX AVE, 77 PL, 72 ST, 48 ST, A5 ST, TROY ST, MULLIGAN AVE, 46 ST, 77TH ST, 80TH ST, KEELER AVE, 74 ST, 83RD PL, 81 PL, LOCKWOOD AV, 79 ST, CONCOURSE B, LAMON AV, NEENAH AV, LINDER AVE, MASSASOIT AVE, COLUMBUS AV, SPAULDING AV, 35TH ST, OAKLEY AV, 76 PL, ALBANY AVE, 40 ST, HARDING AVE, B10 ST, MAYFIELD AV, 74TH ST, 60TH ST, LOREL AVE, 70 ST, PULASKI RD, ANN LURIE, KILDARE BLVD, B24 ST, 71ST ST, 59TH ST, MYRICK ST, B7 ST, OAKLEY AVE, 82ND PL, 79TH ST, 58TH ST, B3 ST, LATROBE AV, ST LOUIS, 73 PL, KOMENSKY AVE, SACRAMENTO AV, 41 ST, KEATING AVE, 76TH ST, TRIPP AV, RUTHERFORD AVE, DAMEN AVE, CULLERTON ST, NEWLAND AVE, CENTRAL PARK, MASON AV, 60 ST, B18 ST, KOLIN AV, 52ND PL, SPAULDING AVE, KIRKLAND AVE, LARAMIE AV, C1 ST, 42ND ST, CICERO AV, KILPATRICK AVE, 58 ST, 81ST ST, B2 ST, WESTERN BLVD, ARCHER AVE, WESTERN AV, 55TH PL, BELL AVE, 67 PL, CONCOURSE C, 57TH PL, B26 ST, 66TH ST, PIPPIN ST, LAWNDALE AVE, DISTRICT BV, DOOR 3, A12 ST, KOMENSKY AV, B23 ST, PARKSIDE AVE, B9 ST, WASHTENAW AV, 52 PL, ARTESIAN ST, 76 ST, 75TH PL, LAMON AVE, RIDGEWAY AVE, MONITOR AVE, MOBILE AVE, NEENAH AVE, 45TH ST, 66TH PL, NEWLAND AV, RIDGEWAY AV, DOOR 2, HELEN J, ROCKWELL ST, 54TH PL, 44 PL, MINERVA, 56TH PL, CICERO AVE, SAWYER AV, 65 PL, CONCOURSE A, 62 ST, 63RD PL, LORENZ, DRAKE AV, LAPORTE AVE, MARQUETTE RD, 83RD ST, NORMANDY AV, 54TH ST, DOOR 4, NASHVILLE AV, 52ND ST, 84 PL, MERRIMAC AVE, LAVERGNE AVE, 43 ST, 45 ST, MOODY AV, MCVICKER AV, 84TH PL, 59 ST, ARTESIAN AV, 55 ST, LAVERGNE AV, B1 ST, KEDVALE AV, L3 ST, SAYRE AV, 61ST PL, 61ST ST, MERRIMAC AV, SAYRE AVE, 40TH ST, 43RD ST, LOTUS AVE, KOLMAR AV, CLAREMONT AVE, LUNA AV, 53RD PL, NEVA AVE, 77 ST, BAGGAGE LN, 80 PL, 52 ST, LAPORTE AV, ALBANY AV, 48TH PL, REDFIELD DR, 58TH PL, NORMANDY AVE, 78TH PL, LECLAIRE AVE, 51 PL, KANST DR, 50TH PL, REILLY AV, 47TH PL, 53 ST, 57 ST, NORDICA AV, NEWCASTLE AVE, 85 PL, KIRKLAND AV, B12 ST, MEADE AV, A4A ST, HAMLIN AV, SEIPP ST, B11 ST, 39 PL, LECLAIRE AV, 79 PL, NOTTINGHAM AVE, SACRAMENTO AVE, 45 PL, 53 PL, 72 PL, MOBILE AV, LOCKWOOD AVE, MASSASOIT AV, FOOD COURT, MILLARD AV, 73RD ST, 47 PL, ROCKWELL AVE, MELVINA AVE, MIDWAY ST, 65TH PL, 70 PL, NATCHEZ AV, PARKING LOT, KARLOV AVE, 69 PL, CRESTLINE ST, 86TH PL, NAGLE AVE, KNOX AV, 82 ST, B8 ST, 37 ST, RICHMOND STREET, A2 ST, LEAMINGTON AV, AVERS AVE, AUSTIN AV, 84TH ST, MAPLEWOOD AV, A11 ST, NORMAN R, 65TH ST, LAWLER AV, MILLARD AVE, 47TH ST, 56 PL, 46TH ST, KEDZIE AV, 60 PL, 48TH ST, KOSTNER AV, 71 ST, B21 ST, 43 STREET, 41ST ST, MORGAN ST, NASHVILLE AVE, 70TH ST, 62ND PL, LACROSSE AV, 69TH PL, STEVENSON EXPY, GARFIELD BL, 85TH PL, FORD CITY, 72ND PL, KEDZIE AVE, 56 ST, B15 ST, LITHUANIAN PLAZA, A19 ST, 75 ST, MOODY AVE, 78 PL, MULLIGAN AV, 69TH ST, 78TH ST, NEWCASTLE AV, CERMAK RD, HARDING AV, MIDWAY AIRFIELD, DRAKE AVE, 71ST PL, CHRISTIANA AVE, SCOTTSDALE AVE, 50 ST, 50TH ST, MASON AVE, LOREL AV, KENTON AV, LA CROSSE, 59TH PL, MENARD AV, WOODLAWN AVE, 65 ST, SAWYER AVE, LONG AV, 68TH PL, 66 ST, 81ST PL, 77TH PL, MAJOR AV, 80TH PL, 54 ST, HOLLETT DR, NOTTINGHAM AV, PARKSIDE AV, 51ST ST, WESTERN AVE, KILBOURN AV, CHRISTIANA AV, 63RD ST, C2 ST, LATROBE AVE, AVERS AV, DISTRICT BLVD, KENNETH AVE, 61 ST, 46 PL, 68TH ST, 83 ST, 86 ST, 62ND ST, MAPLEWOOD AVE, 44TH ST, NAGLE AV, KENNETH AV, 38 ST, LAWNDALE AV, B16 ST, RICHMOND ST, RUMSEY AVE, 68 PL, 61 PL, NATCHEZ AVE, 67TH PL, FAIRFIELD AV, MC VICKER, 85TH ST, 84 ST, 64 ST, A15 ST, NATOMA AV, 51 ST, 68 ST, MONITOR AV, 47 ST, NEW ENGLAND, CAMPBELL AVE, KEATING AV, TRUMBULL AVE, TALMAN AV, HOMAN AV, KARLOV AV, NEVA AV, 87TH ST, GARFIELD BLVD, 54 PL, 87 ST, 75TH ST, BELL AV, CENTRAL AV, CTA PEDWAY, WHIPPLE ST, RIDGE AVE, MELVINA AV, DOOR 1, FRANCISCO AV, ELSDON AV, NORDICA AVE, ARCHER AV, 86TH ST, CAMPBELL AV, 47 STREET, HARLEM AVE, COLUMBUS AVE, SPRINGFIELD AVE"
022,"SEELEY AVE, WALLACE STREET, MARSHFIELD AV, CHURCH ST, 113TH ST, MONTVALE AV, 97 ST, 117 PL, 107TH ST, 113TH PL, 117 ST, 90TH ST, EDMAIRE ST, 92 ST, GLENROY AV, 100TH PL, 116TH ST, WINCHESTER AV, 108TH PL, CLAREMONT AVE, HOMEWOOD AVE, LEAVITT ST, 118 PL, 104TH PL, LOTHAIR AVE, WALDEN PKWY, 97TH ST, 96TH ST, 119 ST, ALBANY AV, 118TH ST, 116TH PL, 101ST PL, 116 PL, HALSTED ST, 97TH PL, 91ST PL, 88 ST, CALIFORNIA AV, 101 ST, PEORIA ST, STEWART AV, LAKE SHORE, HAMLIN AV, WATKINS AV, 115TH ST, LOOMIS ST, 103RD PL, SACRAMENTO AVE, HERMITAGE AVE, 111TH PL, WASHTENAW AVE, 104TH ST, 111 PL, 113 ST, 108TH ST, 101 PL, NORMAL AV, 94TH ST, CALIFORNIA AVE, PAULINA ST, 112TH ST, ARTESIAN AVE, TALMAN AVE, 110TH ST, JUSTINE ST, TRUMBULL AV, MARSHFIELD, HERMOSA AVE, MILLARD AV, 88 STREET, 98 PL, 113 PL, WINSTON AVE, 19TH ST, DR MARTIN, 101ST ST, 90 ST, FAIRFIELD AVE, 112 ST, 92 PL, HAMLIN AVE, FRANCISCO AVE, ASHLAND AVE, 104 ST, 119TH ST, 95 PL, PROSPECT AV, 103 PL, 111TH ST, STUEBEN STREET, 96TH PL, VINCENNES AV, 102 PL, 109 ST, PRYOR AVE, LAFLIN ST, HOYNE AVE, 105 ST, HERMOSA AV, MONSIGNOR MCELLIGOTT, WALLACE ST, 93RD PL, HOUSTON AVE, PARNELL AVE, ELIZABETH ST, 110 ST, RACINE AV, 91 ST, 93 ST, MORGAN STREET, RACINE STREET, 111 ST, PROSPECT SQ, AVERS AVE, 109 PL, MAY ST, 89 ST, 88TH ST, MAPLEWOOD AV, WALTER BURLEY, HOMAN AVE, 65TH ST, HAMILTON AVE, WATKINS AVE, MILLARD AVE, 99 ST, CLAREMONT AV, KEDZIE AV, SPRINGFIELD AV, 96 ST, PARNELL AV, SANGAMON ST., MORGAN ST, ASHLAND AV, MONTVALE AVE, UNION AV, 115 ST, 95TH ST, 87 STREET, 107 PL, 103 ST, TROY ST, CHELSEA PL, 100 ST, ADA ST, 100TH ST, BEVERLY GLEN, 108 PL, KEDZIE AVE, 116 ST, MONTEREY AV, 117TH ST, SPAULDING AV, BEVERLY AV, HOPKINS PL, 114TH ST, OAKLEY AV, 89TH ST, CARPENTER ST, ALBANY AVE, 96 PL, HAMLET AVE, 106TH ST, WINCHESTER AVE, VANDERPOEL AVE, HALE AV, 93RD ST, HARDING AVE, 108 ST, 110 PL, 98TH ST, I57 EXPY, 99TH PL, 110TH PL, HONORE ST, HARDING AV, LOWE AV, DRAKE AVE, HOWLAND AV, PULASKI RD, HERMITAGE AV, 114TH PL, THROOP ST, CHARLES ST, CHRISTIANA AVE, WALTER GRIFFIN, 97 PL, LOWE AVE, 106 PL, 114 ST, PERRY AVE, GREEN STREET, OAKLEY AVE, 107TH PL, 118TH PL, ESMOND ST, SEELEY AV, LAFLIN ST., VINCENNES AVE, 79TH ST, SAWYER AVE, HALE AVE, 90 PL, ST LOUIS, 98TH PL, 99 PL, NORMAL AVE, BISHOP ST, SACRAMENTO AV, WOOD ST, GENOA AVE, 92ND ST, MARTIN ST, WINSTON AV, PROSPECT AVE, HOWLAND AVE, EGGLESTON AV, LOTHAIR AV, 115TH PL, DAMEN AVE, 90TH PL, PLEASANT AVE, CRANDON AVE, CENTRAL PARK, 109TH PL, VANDERPOEL AV, 91 PL, 106TH PL, 93 PL, HAMLET AV, STEWART AVE, WESTERN AVE, PLEASANT AV, SANGAMON ST, 112TH PL, SPAULDING AVE, CHRISTIANA AV, 112 PL, LONGWOOD DR, CICERO AV, EMERALD AV, 107 ST, 115 PL, HOMEWOOD AV, WESTERN AV, AVERS AV, HAMILTON AV, BELL AVE, 103RD ST, 100 PL, 105 PL, LAWNDALE AVE, MAPLEWOOD AVE, DAVOL ST, LAWNDALE AV, 102ND PL, WASHTENAW AV, HUNT AVE, RIDGEWAY AVE, 98 ST, EGGLESTON AVE, FAIRFIELD AV, PRYOR AV, DREW ST, RACINE AVE, DAMEN AV, RIDGEWAY AV, 105TH ST, ROCKWELL ST, WASECA PL, PRINCETON AVE, 92ND PL, 114 PL, 99TH ST, ABERDEEN ST, CICERO AVE, STEUBEN ST, SAWYER AV, BOSAK AVE, 104 PL, 117TH PL, MONTEREY AVE, PRAIRIE AVE, WALDEN PW, GENOA AV, 94 ST, CAMPBELL AVE, DRAKE AV, TRUMBULL AVE, HOMAN AV, TALMAN AV, 87TH ST, 118 ST, HOYNE AV, 109TH ST, 87 ST, HUNT AV, 102 ST, 95 ST, WHIPPLE ST, BELL AV, 105TH PL, MARSHFIELD AVE, BEVERLY AVE, 95TH PL, UNION AVE, 91ST ST, GLENROY AVE, GREEN ST, MALTA ST, ARTESIAN AV, CAMPBELL AV, 106 ST, 102ND ST, SPRINGFIELD AVE, EMERALD AVE"
001,"WARREN AVE, 9 ST, 28TH PL, RANDOLPH SUB, 13TH ST, 23RD DR, 23 ST, COUCH PL, RANDOLPH ST, DOTY AVE, STATE ST, MARBLE PL, 25TH ST, LOWER COLUMBUS, 11TH ST, 25 ST, ELLIS AV, JACKSON BL, ALBANY AVE, CONGRESS PLAZA, PRAIRIE PKWY, ORLEANS ST, LAKEFRONT DR, LOWER SOUTH, 16 ST, QUINCY ST, HARDING AVE, FRANKLIN ST, 10TH AVE, JACKSON BV, CERMAK RD, MAC CHESNEY, ARCADE PL, DEARBORN ST, BENTON PL, 21ST ST, RIVERWALK S, GIDDINGS ST, 31 ST, 18 ST, 15 ST, 24TH ST, DESPLAINES ST, MC FETRIDGE, JACKSON DR, 26TH ST, RIVERSIDE PLZ, CLINTON ST, 28TH ST, FORT DEARBORN, 16TH ST, FIELD BV, EISENHOWER EXPY, 11 ST, MCFETRIDGE DR, CLARK ST, STETSON SUB, MICHIGAN AV, HOLDEN CT, LAKE SHORE, 31ST ST, POLK ST, CALUMET AV, PARK DR, MONROE DR, INDIANA AVE, 29TH ST, PLYMOUTH CT, DEARBORN ST., VERNON AVE, MUSEUM CAMPUS, 27TH ST, 15TH ST, LOWER WACKER, WABASH AVE, 19 ST, MONROE ST, VERNON PARK, 92ND ST, LOWER RANDOLPH, INDIANA AV, LA SALLE, EISENHOWER KENNEDY, CULLERTON ST, COTTAGE GROVE, MUSUEM CAMPUS, CONGRESS PKWY, FINSBURY CT, RUBLE ST, 15TH PL, GLADYS AVE, CONGRESS PW, 15 PL, PARK TER, BALBO AVE, WESTERN AVE, GRENSHAW ST, VAN BUREN, WACKER DR, AUSTIN AVE, WASHINGTON ST, 18TH DR, MC CORMICK, LOWER MICHIGAN, 19TH ST, 29TH PL, ADAMS ST, DR MARTIN, JEFFERSON ST, VERNON AV, HARRISON ST, 23RD ST, CABRINI ST, ARTHINGTON ST, ARCHER AVE, IDA B, 11TH PL, 29 ST, 17TH ST, BREAKWATER ACCESS, MAXWELL ST, WACKER RAMP, ELLIS AVE, LEXINGTON ST, ASHLAND AVE, MICHIGAN AVE, EASTGATE PL, WENTWORTH, STATE ST., WACKER SUB, BALBO DR, CONGRESS DR, 8TH ST, COURT PL, HADDOCK PL, SOUTH WATER, TAYLOR ST, BURNHAM HARBOR, STETSON AVE, SB OUTER, 24TH PL, LAKE ST, 13 ST, COLUMBUS DR, 30TH ST, LYNN WHITE, WASHINGTON BL, PARNELL AVE, CHICAGO RIVER, LSD STEVENSON, 9TH ST, 21 ST, DR MARTN, TILDEN ST, BEAUBIEN CT, WACKER DR., 14 ST, PARK TR, ROOSEVELT RD, FULLERTON AVE, POST PL, LAKE PARK, FIELD BLVD, 17 ST, MOE DR, STATE STREET, BALBO AV, 26 ST, PRAIRIE AV, WASHINGTON BLVD, DELANO CT, LUMBER ST, SPECIAL OLYMPICS, ROOSEVELT DR, WASHINGTON BV, DE KOVEN, HIGGINS RD, HARBOR DR, CALUMET PKWY, PRAIRIE AVE, MADISON ST, SOLIDARITY DR, WESTSHORE DR, UNKNOWN, 18TH ST, 14TH PL, LAKE LOWER, LOWER STETSON, WACKER PL, FEDERAL ST, 75TH ST, WELLS ST, 14 PL, GARVEY CT, RIVERSIDE PZ, STETSON AV, CANAL ST, JACKSON BLVD, CALHOUN PL, INDIANA PKWY, 8 ST, 25TH PL, LOWER LAKE, WEST WATER, STEVENSON EXPY, GARLAND CT, ARCHER AV, 31ST DR, FINANCIAL PL, 24 ST, STEVENSON LSD, MCCORMICK PL, CALUMET AVE, 14TH ST, WATERSIDE DR, WABASH AV, WALDRON DR"
014,"SEELEY AVE, PALMER BL, MARSHFIELD AV, HIRSCH ST, ALLEN AV, MEDILL AVE, WRIGHTWOOD AV, WELLINGTON AV, HENRY CT, PARKER AV, WINCHESTER AV, SHAKESPEARE AVE, CONSTANCE AV, CLAREMONT AVE, LEAVITT ST, WABANSIA, PARKER AVE, BERNARD ST, RIVERWALK DR, FULLERTON AV, ALBANY AV, MAGNOLIA AV, GRANVILLE AVE, AVONDALE AVE, WICKER PARK, MARION CT, DIVERSEY AV, WEBSTER AV, ALLEN AVE, ELSTON AVE, CALIFORNIA AV, MOZART ST, BELDEN AVE, ST HELEN, OAKDALE AVE, POTOMAC AVE, LOGAN BV, HUMBOLDT SD, KIMBALL AVE, WEBSTER AVE, HUMBOLDT DR, ELK GROVE, IRENE AVE, WOOD ST., SACRAMENTO AVE, HERMITAGE AVE, WISNER AV, WASHTENAW AVE, MILWAUKEE AV, LARAMIE AVE, ALTGELD ST, CALIFORNIA AVE, PAULINA ST, ELSTON AV, WILMOT AVE, ARTESIAN AVE, TALMAN AVE, GREENVIEW AV, NOBLE ST, BLOOMINGDALE AVE, WINNEBAGO AV, WISNER AVE, BELMONT AVE, NELSON ST, ROCKWELL AVE, DRUMMOND PL, JULIA CT, BEACH AV, ARMITAGE AV, BELMONT AV, BELDEN AV, EVERGREEN AV, FAIRFIELD AVE, FRANCISCO AVE, ASHLAND AVE, ROCKWELL STREET, DIVERSEY AVE, NORTH AV, WRIGHTWOOD AVE, ELSTON CT, POTOMAC AV, EVERGREEN AVE, ST GEORGES, HOYNE AVE, KEDZIE BLVD, HUMBOLDT , ST MARY, MONTANA ST, WOODARD ST, MAGNOLIA AVE, WELLINGTON AVE, HUMBOLDT BL, HOLLY AVE, CRYSTAL ST, FULLERTON AVE, ELLEN ST, ARMITAGE AVE, MAPLEWOOD AV, FRANCIS PL, HOMAN AVE, LE MOYNE, WOLFRAM ST, BOSWORTH AV, HAMILTON AVE, BOSWORTH AVE, EMMETT ST, CLAREMONT AV, KEDZIE AV, 64TH ST, KENNEDY EXPRESS, DIVERSEY PKWY, FLETCHER STREET, BLOOMINGDALE AV, LOGAN SD, ASHLAND AV, AVONDALE AV, OAKLEY BL, MOZART DR, CATON ST, POINT ST, TROY ST, DAWSON AVE, PIERCE AV, KIMBALL AV, LYNDALE ST, ADA ST, GRESHAM AV, KEDZIE AVE, CLEAVER ST, SPAULDING AV, OAKLEY AV, KEDZIE BL, ELBRIDGE AV, MOFFAT ST, MOORMAN ST, ALBANY AVE, HOWARD ST, BARRY AVE, WINCHESTER AVE, LOGAN BLVD, GEORGE ST, DICKENS AVE, REFECTORY DR, HUMBOLDT BLVD, HONORE ST, CHANAY ST, MC LEAN, SCHILLER ST, DRAKE AVE, HERMITAGE AV, THROOP ST, CHRISTIANA AVE, ST. LOUIS, RIVER LOFT, GRESHAM AVE, OAKLEY AVE, SEELEY AV, PALMER ST, MILWAUKEE AVE, OAKLEY BLVD, WOLCOTT AV, BLACKHAWK ST, SAWYER AVE, CHURCHILL ROW, BARRY AV, PALMER BLVD, ST LOUIS, DEAN ST, SHAKESPEARE AV, DIVISION ST, BESLY CT, SACRAMENTO AV, LISTER AVE, WOOD ST, CORTLAND ST, LEMOYNE ST, DIVERSEY PW, BERWYN AVE, STAVE ST, DAWSON AV, ATTRILL ST, DAMEN AVE, PIERCE AVE, CONCORD PL, CENTRAL PARK, JONES ST, MCLEAN , KEDZIE , WESTERN AVE, CHRISTIANA AV, KENNEDY EXPY, SPAULDING AVE, KENNEDY XP, WILLETTS CT, BLOOMINGDALE TRL, MCLEAN AV, WESTERN AV, HOMER ST, CHARLESTON ST, HAMILTON AV, BELL AVE, BINGHAM ST, HOLLY AV, MAPLEWOOD AVE, GREENVIEW AVE, BEACH AVE, WASHTENAW AV, RICHMOND ST, ALBANY STREET, SCHUBERT AV, FAIRFIELD AV, HOBSON AV, HOBSON AVE, SCHUBERT AVE, JULIAN ST, CHURCHILL ST, DAMEN AV, ST PAUL, LINDEN PL, MEDILL AV, WABANSIA AVE, ROCKWELL ST, WILMOT AV, LUIS MUNOZ, LOGAN BL, SAWYER AV, PRINDIVILLE ST, WABANSIA AV, DICKENS AV, WILLETS CT, 63RD PL, CAMPBELL AVE, MENDELL ST, DRAKE AV, WINNEBAGO AVE, LISTER AV, HOMAN AV, TALMAN AV, HOYNE AV, BELL AV, WHIPPLE ST, ARMITAGE , ELBRIDGE AVE, MARSHFIELD AVE, FLETCHER ST, FRANCISCO AV, KEDZIE SD, NORDICA AVE, ARTESIAN AV, CAMPBELL AV, WILLOW ST, NORTH AVE, WOLCOTT AVE, ALBANY DR, HUMBOLDT BV"
010,"24 BL, SEELEY AVE, 13TH ST, 23RD PL, 13TH PL, 113TH ST, KEDZIE AVE, 23 ST, THOMPSON DR, SPAULDING AV, 33RD ST, 25TH ST, OAKLEY AV, 25 ST, WINCHESTER AV, 25 PL, OGDEN AVE, LEAVITT ST, ALBANY AVE, 12 PL, CLAREMONT AVE, 16 ST, 23 STREET, WINCHESTER AVE, DOUGLAS DR, HARDING AVE, CERMAK RD, HARDING AV, ALBANY AV, 36TH ST, CULLOM AVE, 21ST PL, DRAKE AVE, 21ST ST, INDEPENDENCE BV, PULASKI RD, 31 ST, 18 ST, 15 ST, 24TH ST, CHRISTIANA AVE, 23 PL, 26TH ST, 28TH ST, 33 ST, 16TH ST, 32ND ST, CALIFORNIA AV, WASHBURNE AV, 12TH PL, KIRKLAND AV, 36 ST, KENTON AV, MARSHALL BV, OAKLEY AVE, MOZART ST, 31ST ST, SEELEY AV, HAMLIN AV, WOLCOTT AV, SAWYER AVE, ST LOUIS, INDEPENDENCE BLVD, OGDEN AV, KILDARE AVE, 27TH ST, TRIPP AVE, 13 PL, 15TH ST, KOMENSKY AVE, SACRAMENTO AV, 35 ST, 19 ST, SACRAMENTO AVE, WOOD ST, MONROE ST, WASHTENAW AVE, TRIPP AV, MARSHALL BLVD, SACRAMENTO DR, MARSHALL BL, WASHBURNE AVE, CALIFORNIA AVE, COULTER ST, DOUGLAS BV, KOLMAR AVE, CULLERTON ST, DAMEN AVE, 26 STREET, PAULINA ST, ARTESIAN AVE, KOLIN AVE, TALMAN AVE, KILDARE AV, KOSTNER AVE, CENTRAL PARK, 15TH PL, 24TH BLVD, LUTHER ST, TRUMBULL AV, HARDING ST, 15 PL, MILLARD AV, WESTERN AVE, KILBOURN AV, 24 PL, KOLIN AV, 28 ST, CHRISTIANA AV, 22 PL, SPAULDING AVE, KIRKLAND AVE, 18TH DR, 19TH ST, CICERO AV, DOUGLAS BL, DR MARTIN, BOULEVARD WAY, 32 ST, 23RD ST, KEDVALE AVE, WESTERN AV, AVERS AV, 21 PL, FAIRFIELD AVE, 17TH ST, KEELER AV, 30TH PL, HAMLIN AVE, BELL AVE, KENNETH AVE, FRANCISCO AVE, ASHLAND AVE, CONFIDENTIAL, LEXINGTON ST, SANITARY SHIP, 18TH PL, 18 PL, LAWNDALE AVE, KARLOV AVE, 31 BL, KENNETH AV, 22 ST, LAWNDALE AV, KOMENSKY AV, BURKHARDT DR, KILBOURN AVE, WASHTENAW AV, 24TH PL, 31ST BLVD, 13 ST, HOYNE AVE, 30TH ST, DRAKE AVENUE, RIDGEWAY AVE, CALIFORNIA BL, FAIRFIELD AV, 21 ST, 22ND PL, CALIFORNIA, RIDGEWAY AV, AVERS AVE, DAMEN AV, 14 ST, ROOSEVELT RD, 30 ST, ROCKWELL ST, 17 ST, KEDVALE , CICERO AVE, OGDEN SD, 26 ST, SAWYER AV, 13 STREET, HOMAN AVE, 27 ST, 25 STREET, MILLARD AVE, BLUE ISLAND, 35TH PL, INDEPENDENCE BL, 8TH AVE, CLAREMONT AV, 34 ST, CAMPBELL AVE, KEDZIE AV, 18TH ST, DRAKE AV, SPRINGFIELD AV, KOSTNER AV, TRUMBULL AVE, HOMAN AV, TALMAN AV, KARLOV AV, 34TH ST, 14TH PL, HOYNE AV, BELL AV, WHIPPLE ST, DOUGLAS BLVD, CALIFORNIA BLVD, 26TH PL, ASHLAND AV, FRANCISCO AV, 25TH PL, ARTESIAN AV, CAMPBELL AV, TROY ST, 24 ST, 31 STREET, 14TH ST, KEDVALE AV, WOLCOTT AVE, KEELER AVE, SPRINGFIELD AVE, 35 PL, FARRAR DR"
004,"SAGINAW AVE, AVENUE J, 113TH ST, 97 ST, 107TH ST, 81 ST, 90TH ST, EDWARD BARRON, 92 ST, STATE LINE, MARQUETTE AV, CORNELL AV, 75 PL, 116TH ST, JEFFERY BLVD, BENSLEY AVE, ELLIS AV, CONSTANCE AV, 129TH ST, OGLESBY AV, 77 ST, 80 PL, 76TH PL, 86 PL, PAXTON AV, 97TH ST, 96TH ST, CRILLY DR, 89 PL, COLES AVE, 118TH ST, INDIANAPOLIS AV, 78TH PL, METRON DR, AVALON ST, CARONDOLET AV, CORNELL AVE, 88TH PL, 97TH PL, LUELLA AVE, 127 ST, 88 ST, 91ST PL, AVENUE C, HOXIE AV, AVALON AV, MUSKEGON AV, 85 PL, BURNHAM AV, AVENUE O, HARBOR AVE, 101 ST, EUCLID AVE, LAKE SHORE, 83 PL, SAGINAW AV, BRENNAN AVE, EUCLID STREET, JEFFERY AV, MACKINAW AV, 122 ST, ANTHONY AVE, 80 ST, 88 PL, 93RD CT, BENNETT AVE, BURLEY AV, 79 PL, 115TH ST, GREENWOOD AV, AVENUE F, AVENUE E, COLES AV, 104TH ST, 113 ST, DANTE AVE, 108TH ST, 95 STREET, 94TH ST, AVENUE D, PAULINA ST, 112TH ST, BRANDON AV, MACKINAW AVE, 87 PL, 110TH ST, 87TH PL, 82ND ST, 128TH ST,  PRINCETON, YATES AVE, AVENUE N, 98 PL, DOBSON AV, 135TH ST, DRUMMOND PL, 134TH ST, 126TH ST, 101ST ST, 90 ST, 112 ST, 92 PL, 85 ST, 135 ST, 104 ST, 82 PL, 95 PL, CALUMET ACCESS, BLACKSTONE AVE, KREITER AV, 111TH ST, 96TH PL, UNIVERSITY AV, 109 ST, 133RD ST, JEFFERY AVE, 78 ST, BUFFALO AVE, 86TH PL, 82 ST, 105 ST, 79TH PL, 131 ST, CALHOUN AVE, HOUSTON AVE, 110 ST, 91 ST, 93 ST, EXCHANGE AV, COMMERCIAL CT, BENNETT AV, 89 ST, 84TH ST, 88TH ST, 131ST ST, 133 ST, AVALON AVE, 122ND ST, CALUMET XP, YATES , COMMERCIAL AV, ESSEX AV., AVENUE B, 99 ST, BRENNAN AV, CALHOUN AV, TORRENCE AV, BURLEY AVE, AVENUE G, KIMBARK AV, HARPER AVE, YATES BLVD, CLYDE AVE, BAKER AV, SOUTH CHICAGO, 89 STREET, 96 ST, MERRION AVE, DOTY AV, MANISTEE AV, BISHOP FORD, 77 PL, ESCANABA AV, AVENUE H, MERRILL AVE, 95TH ST, 126 ST, CHAPPEL AVE, MERRILL AV,  AVENUE, 85TH PL, 103 ST, IB CHICAGO, BOND AV, 77TH ST, 80TH ST, 100 ST, DREXEL AV, 83RD PL, 81 PL, 100TH ST, 79 ST, HARBOR AV, JEFFERY BL, CALHOUN , GREEN BAY, 127TH ST, 116 ST, 134 ST, FARRAGUT DR, DOTY AVE, MANISTEE AVE, ELLIOTT AVE, 117TH ST, BENSLEY AV, INDIANAPOLIS AVE, PHILLIPS AVE, 114TH ST, CHELTENHAM PL, BUFFALO STREET, 89TH ST, 76 PL, KENWOOD AVE, BALTIMORE AVE, CREGIER AVE, 75 ST, 78 PL, 78TH ST, HARPER AV, 96 PL, CHICAGO SKYWAY, 106TH ST, 108 ST, 93RD ST, 98TH ST, COMMERCIAL AVE, SOUTH SHORE, 132 ST, 74TH ST, KREITER AVE, DOBSON AVE, CONSTANCE AVE, 89TH PL, AVENUE M, WOODLAWN AV, 97 PL, TORRENCE AVE, AVENUE A, 114 ST, BRANDON AVE, KIMBARK AVE, WOODLAWN AVE, YATES AV, 82ND PL, 79TH ST, 90 PL, 98TH PL, RIDGELAND AVE, AVENUE K, 125TH ST, KOMENSKY AVE, 81ST PL, KINGSTON AVE, 77TH PL, BALTIMORE AV, 76TH ST, 92ND ST, BOND AVE, GREENWOOD AVE, 80TH PL, KINGSTON AV, BURNHAM AVE, CRANDON AVE, 90TH PL, PAXTON AVE, AVENUE L, EXCHANGE AVE, 91 PL, ESSEX AVE, PHILLIPS AV, WESTERN AVE, CHELTENHAM DR, CRANDON AV, COLFAX AV, 78 STREET, HOXIE AVE, ESSEX AV, KENWOOD AV, 130TH ST, 81ST ST, 107 ST, OGLESBY AVE, 128 ST, TORRANCE AVE, EWING AV, STONY ISLAND, CARONDOLET AVE, 103RD ST, ELLIS AVE, DREXEL ST, CLYDE AV, 132ND ST, YATES BL, 83 ST, HOUSTON AV, 86 ST, EWING AVE, KINGSTON , WALTON DR, CALUMET RIVER, DANTE AV, MERRION AV, CHAPPEL AV, 76 ST, 75TH PL, MUSKEGON AVE, FOREMAN DR, 98 ST, VAN VLISSINGEN, 136TH ST, 85TH ST, 136 ST, 84 ST, 105TH ST, BUTLER DR, UNIVERSITY AVE, 130 ST, 92ND PL, 99TH ST, COLFAX AVE, CREGIER AV, DORCHESTER AV, BRAINARD AV, DREXEL AVE, 94 ST, BUFFALO AV, ANTHONY AV, ELLIOTT AV, LUELLA AV, 87TH ST, 83RD ST, 118 ST, 109TH ST, 75TH ST, 87 ST, 102 ST, 95 ST, BRAINARD AVE, DORCHESTER AVE, 95TH PL, EAST END, 91ST ST, 84 PL, BAKER AVE, 84TH PL, 86TH ST, EUCLID AV, ACCESS RD, 106 ST, MARQUETTE AVE, ESCANABA AVE, RIDGELAND AV, 102ND ST, BLACKSTONE AV"
017,"ARDMORE AV, LOWELL AVE, WARWICK AVE, WARNER AVE, KERCHEVAL AVE, KERBS AVE, KOLMAR AV, AVONDALE , BERNARD ST, LELAND AV, LINCOLN AV, ALBANY AV, CULLOM AVE, THOME AV, LINCOLN AVE, GRANVILLE AVE, AVONDALE AVE, WILSON AV, KILPATRICK AV, N BRANCH, KERBS AV, ELSTON AVE, CALIFORNIA AV, MOZART ST, KENTON AVE, ANCHOR DR, HAMLIN AV, SAUGANASH AV, SUNNYSIDE AV, KIMBALL AVE, BERENICE AVE, LAWRENCE AV, EDENS EXPY, ROSEMONT AVE, KILDARE AVE, TRIPP AVE, IRENE AVE, SACRAMENTO AVE, GLENLAKE AVE, NORWOOD AVE, WASHTENAW AVE, OLIVE AV, MILWAUKEE AV, CALIFORNIA AVE, PAULINA ST, ELSTON AV, KOLMAR AVE, TALMAN AVE, KILDARE AV, KOSTNER AVE, HIAWATHA AV, WARNER AV, KASSON AVE, KINGSDALE AVE, BERTEAU AVE, DEVON AV, BALMORAL AVE, CORNELIA AVE, BELMONT AVE, ROCKWELL AVE, RIVERS EDGE, GRACE ST, NEWPORT AVE, BELMONT AV, KELSO AVE, KEOKUK AVE, KEDVALE AVE, BERTEAU AV, CALDWELL AV, FAIRFIELD AVE, CULLOM AV, KEWANEE AVE, KEELER AV, HAMLIN AVE, FRANCISCO AVE, VICTORIA ST, CONFIDENTIAL, KEYSTONE AVE, KENTUCKY AVE, KARLOV AVE, ROGERS AV, IONIA AV, BAY CT, KILBOURN AVE, KNOX AV, PETERSON AVE, KIRKWOOD AV, THORNDALE AV, RIVERVIEW PKWY, KIMBERLY AV, HENDERSON ST, WINDSOR AV, PETERSON AV, STRONG ST, ROSEMONT AV, AVERS AVE, HUTCHINSON ST, KEENE AVE, KIONA AV, KIMBERLY AVE, HIGH BRIDGE, LOWELL AV, NEWPORT AV, LEMONT AV, DEVON AVE, ARGYLE ST, GUNNISON STREET, KEDZIE AV, SPRINGFIELD AV, PIER CT, KOSTNER AV, WINDSOR AVE, ROGERS AVE, KENNEDY EXPRESS, FOREST GLEN, WILSON AVE, SUMMERDALE AVE, BALMORAL AV, CORNELIA AV, KNOX AVE, AVONDALE AV, ST JOHNS, MILWAUKEE CT, CUYLER AVE, WHIPPLE, PATTERSON AV, LAWRENCE AVE, KIRBY AV, TROY ST, KEELER AVE, KIMBALL AV, LELAND AVE, ADA ST, WARWICK AV, BRYN MAWR, KEDZIE AVE, GUNNISON ST, KELSO AV, MONTICELLO AV, SPAULDING AV, FOSTER AVE, NORTH SHORE, HOLLYWOOD AVE, ALBANY AVE, LEXINGTON CIRCLE, BELLE PLAINE, HARDING AVE, JERSEY AV, DAKIN ST, HARDING AV, SCHOOL ST, DRAKE AVE, ROSCOE ST, PULASKI RD, GIDDINGS ST, CHRISTIANA AVE, SAUGANASH AVE, MANOR AVE, ARDMORE AVE, LACEY AVE, MONTROSE AVE, KENNISON AV, EASTWOOD AV, CHASE AVE, THORNDALE AVE, KENTON AV, HUTCHINSON AVE, HARRINGTON LA, AGATITE AVE, BERENICE AV, MILWAUKEE AVE, BERWYN AV, KEWANEE AV, KINGSDALE AV, IRENE AV, SAWYER AVE, ST LOUIS, AGATITE AV, SUNNYSIDE AVE, SACRAMENTO AV, KEATING AVE, TRIPP AV, EDDY ST, BERWYN AVE, KIONA AVE, PARKVIEW TER, IRVING PARK, THOME AVE, CENTRAL PARK, PENSACOLA AV, MELROSE ST, KEYSTONE AV, KILBOURN AV, CUYLER AV, SAUGANASH LN, CHRISTIANA AV, KENNEDY EXPY, SPAULDING AVE, CALDWELL AVE, CARMEN AVE, MC CORMICK, GRANVILLE AV, CICERO AV, KILPATRICK AVE, GREENLEAF AVE, AVERS AV, KRUGER AVE, KIRBY AVE, PENSACOLA AVE, KENNETH AVE, KENNICOTT AV, WAVELAND AVE, HARRINGTON LN, LAWNDALE AVE, IONIA AVE, WINONA ST, AINSLIE ST, KENNISON AVE, KENNETH AV, MCCORMICK RD, HUTCHINSON AV, SUMMERDALE AV, OLIVE AVE, ADDISON ST, LAWNDALE AV, MONTROSE AV, HIGHLAND AVE, WASHTENAW AV, LEMONT AVE, RICHMOND ST, HOLLYWOOD AV, KRUGER AV, RIDGEWAY AVE, SAUGANASH LA, KIRKWOOD AVE, RIDGEWAY AV, ROCKWELL ST, CARMEN AV, LARCHMONT AVE, LEROY AVE, WAVELAND AV, CICERO AVE, SAWYER AV, KENTUCKY AV, CATALPA AVE, KASSON AV, BYRON ST, PATTERSON AVE, IB KENNEDY, DRAKE AV, FOSTER AV, EDENS XP, MANOR AV, KEATING AV, TRUMBULL AVE, KARLOV AV, KEOKUK AV, WHIPPLE ST, MONTICELLO AVE, HIAWATHA AVE, FRANCISCO AV, CATALPA AV, JERSEY AVE, GLENLAKE AV, EASTWOOD AVE, PARKVIEW TR, STEVENS AVE, KENNICOTT AVE, KEDVALE AV, SPRINGFIELD AVE"
007,"SEELEY AVE, ADA ST, 72ND PL, ENGLEWOOD AVE, MARSHFIELD AV, 61ST PL, 61ST ST, 66 PL, 56 ST, 63 ST, MANISTEE AVE, STATE ST, 63RD PKWY, WINCHESTER AV, CARPENTER ST, 75 ST, 73RD PL, FRONTENAC AVE, 69TH ST, CHICAGO SKYWAY, WINCHESTER AVE, ROSS AV, GARFIELD BV, FULLERTON AV, NORMAL BL, KOLMAR, HARVARD AVE, HONORE ST, 69 ST, LAFAYETTE AV, 74TH ST, 60TH ST, HARVARD AV, LOWE AV, 73 PLACE, 70 ST, LAFAYETTE ST, HERMITAGE AV, 71ST PL, THROOP STREET, THROOP ST, 58TH PL, HALSTED ST, SHIELDS AV, PEORIA DR, LOOMIS BLVD, LOWE AVE, EMERALD DR, 57 ST, 59TH ST, 71ST ST, PERRY AVE, GREEN STREET, 59TH PL, PEORIA ST, STEWART AV, 65 ST, SEELEY AV, YALE AVE, VINCENNES AVE, PRINCETON AV, NORMAL BLVD, 58TH ST, WOLCOTT AV, LOOMIS BL, 73 PL, INDEPENDENCE BLVD, DAN RYAN, BISHOP ST, LOOMIS ST, NORMAL AVE, 68TH PL, 66 ST, 57TH ST, HERMITAGE AVE, WOOD ST, 58 STREET, 72 PL, EGGLESTON AV, NORMAL AV, 74 PL, PAULINA ST, DAMEN AVE, JUSTINE , ARTESIAN AVE, ENGLEWOOD AV, JUSTINE ST, 56TH ST, 82ND ST, 60 ST, 63 PL, STEWART AVE, 73RD ST, SANGAMON ST, 63RD ST, 57 PL, 60TH PL, NORMAL PW, EMERALD AV, LAFAYETTE AVE, 74TH PL, 58 ST, MAY STREET, 81ST ST, HALSTED PKWY, PAULINA STREET, 71 PL, 65TH PL, 70 PL, SHIELDS AVE, LAFLIN PL, YALE AV, HAMILTON AV, 67 PL, ASHLAND AVE, 61 ST, 57TH PL, 66TH ST, MORGAN AV, 68TH ST, CONFIDENTIAL ST, 62ND ST, 69 PL, CTA 69TH, HALSTED SD, MCCORMICK RD, VINCENNES AV, 68 PL, LAFLIN ST, HOYNE AVE, 61 PL, WALLACE ST, 72ND ST, EGGLESTON AVE, 67TH PL, ELIZABETH ST, PARNELL AVE, 58 PL, RACINE AV, RACINE AVE, HALSTED PW, 66TH PL, LOOMIS , DAMEN AV, 64 ST, NORMAL PKWY, PRINCETON AVE, MAY ST, ROSS AVE, 56TH PL, ABERDEEN ST, 69 STREET, 65 PL, 59 PL, WINCHESTER AV., 68 ST, 65TH ST, HAMILTON AVE, TREMONT ST, 60TH STREET, 56 PL, 70TH PL, 62 ST, MARSHFIELD , 63RD PL, 60 PL, BISHOP STREET, 64TH ST, MARQUETTE RD, PARNELL AV, 71 ST, GARFIELD BLVD, HOYNE AV, 75TH ST, MORGAN ST, 73 ST, WELLS ST, ASHLAND AV, MARSHFIELD AVE, 70TH ST, PERRY AV, UNION AVE, 72 ST, UNION AV, HONORE ST., GREEN ST, PEORIA STREET, WENTWORTH AV, 63 PKWY, WENTWORTH AVE, 69TH PL, 59 ST, GARFIELD BL, 55 ST, WOLCOTT AVE, 74 ST, EMERALD AVE"
002,"RIDGEWOOD CT, CHINA PL, 61ST ST, 23 ST, CARVER PLZ, 45TH PL, 33RD ST, 40TH ST, CARVER PZ, ALEXANDER ST, CORNELL AV, 25TH ST, 43RD ST, ELLIS AV, 50 PL, PERSHING RD, POOL DR,  LAKE, DREXEL SQUARE, 52 ST, GARFIELD BV, 49TH ST, 33RD BLVD, LAFAYETTE AV, 48TH PL, 36TH ST, 44 ST, 55 PL, BROWNING AVE, INGLESIDE AV, BERKELEY AV, 31 ST, ROCHDALE PL, HALSTED ST, CHGO BEACH, 23 PL, 26TH ST, CORNELL AVE, 50TH PL, 33 ST, BOWEN AVE, LUELLA AVE, 57TH BLVD, 47TH PL, EVERETT AV, 32ND ST, 53 ST, 57 ST, CLARK ST, 28 PL, BOWEN DR, MICHIGAN AV, STEWART AV, LAKE SHORE, 49 ST, INDIANA AVE, 29TH ST, 38TH ST, PAYNE DR, DAN RYAN, GREENWOOD AV, 57TH ST, SHORE DR, 32ND PL, WABASH AVE, 19 ST, 45 PL, 48 PL, CHICAGO BEACH, 36 PL, GILES AVE, INDIANA AV, MIDWAY PLAISANC, LA SALLE, MADISON AVENUE, OAKWOOD BV, 56TH ST, 29 PL, GROVELAND PK, 47 PL, 28 ST, 57 PL, EVANS AVE, LAFAYETTE AVE, DR MARTIN, STEVENSON XP, VERNON AV, 53RD DR, RUSSELL DR, LANGLEY AV, RHODES AVE, 44TH PL, 55TH ST, BOWEN AV, INGLESIDE AVE, BLACKSTONE AVE, 22 ST, FORRESTVILLE AVE, VINCENNES AV, BEST DR, OAKENWALD AV, WABASH , UNIVERSITY AV, FRANKLIN EXT, BUFFALO AVE, KING DR, MORGAN DR, OAKWOOD BLVD, 24TH PL, 37 ST, 31ST PL, LSD STEVENSON, 21 ST, 22ND PL, DR MARTN, 48TH CT, STEPHEN A, 30 ST, 55TH DR, LANGLEY AVE, LAKE PARK, WASHINGTON PARK, 46TH PL, MOE DR, STATE STREET, 42 PL, 27 ST, WOODLAND PARK, 42 ST, 47TH ST, 26 PL, 35TH PL, MIDWAY PLAISANCE, KIMBARK AV, 46TH ST, HARPER AVE, SWANN ST, 31 PL, 48TH ST, EVANS AV, 53RD ST, FEDERAL ST, 41ST ST, DREXEL SQ, WELLS ST, BROWNING AV, 37TH PL, DREXEL BLVD, 42ND PL, ST LAWRENCE, RHODES AV, 48 ST, GARFIELD BL, 31ST DR, WASHINGTON PK, 24 ST, 46 ST, STEVENSON LSD, CALUMET AVE, CHAMPLAIN AV, 33RD PL, DREXEL AV, WABASH AV, 41 PL, 23RD PL, 59 STREET, DREXEL BL, 56 ST, STATE ST, 35TH ST, GILES AV, 25 ST, 25 PL, BROWNING , KENWOOD AVE, FEDERAL STREET, 69TH ST, HARPER AV, 16 ST, 30 PL, 40 ST, FRANKLIN ST, CERMAK RD, MARYLAND AV, SOUTH SHORE, 60TH ST, TAN CT, WONG PKWY, DEARBORN ST, PULASKI RD, 18 ST, WOODLAWN AV, SHIELDS AV, 24TH ST, 50 ST, 45 STREET, 50TH ST, M L, FORT DEARBORN, ELLSWORTH DR, FORRESTVILLE AV, MARYLAND AVE, 59TH ST, 36 ST, PERRY AVE, MADISON PK, 49TH DR, ROOT ST, WOODLAWN AVE, KIMBARK AVE, PARK PL, 31ST ST, VINCENNES AVE, PRINCETON AV, 79TH ST, 58TH ST, CALUMET AV, 33 PL, 36TH PL, VERNON AVE, 27TH ST, 35 ST, 41 ST, GREENWOOD AVE, 44 STREET, 54 ST, COTTAGE GROVE, GARFIELD DR, CHAMPLAIN AVE, 51ST ST, 60 ST, STEWART AVE, OAKLAND CR, 24 PL, 52ND PL, 22 PL, HYDE PARK, EBERHART AVE, 43RD PL, WILLETTS CT, 42ND ST, KENWOOD AV, 58 ST, 32 ST, 23RD ST, ARCHER AVE, 29 ST, 55TH PL, STONY ISLAND, 38 PL, ELLIS AVE, 61 ST, MICHIGAN AVE, 57TH PL, YOUNG PKWY, 46 PL, 132ND ST, EVERETT AVE, 62ND ST, 44TH ST, BERKELEY AVE, 38 ST, 37 PL, OAKWOOD DR, 41ST PL, LOOP DR, SB OUTER, 47 DR, EAST VIEW, RAINEY DR, 45TH ST, 37TH ST, 33 BL, ERIKSEN DR, PRINCETON AVE, 54TH PL, UNIVERSITY AVE, 44 PL, ADMINISTRATION DR, 26 ST, PRAIRIE AV, 51 ST, 57TH DR, 47 ST, DORCHESTER AV, PRAIRIE AVE, 47TH DR, DREXEL AVE, 34 ST, 34TH ST, GARFIELD BLVD, 54 PL, 40TH PL, HARPER CT, 54TH ST, DORCHESTER AVE, PERRY AV, EAST END, NB OUTER, 52ND ST, OAKWOOD BL, OAKENWALD AVE, GROVELAND PARK, WENTWORTH AV, 43 ST, 45 ST, WENTWORTH AVE, 59 ST, ARCHER AV, 47 STREET, 55 ST, WOODLAND PK, 38TH PL, BEST DRIVE, WINDSOR, BLACKSTONE AV"
021,INDIANA AVE
,"BELMONT AVE, ONTARIO ST, MAY ST, BRYN MAWR, KENTON AVE, WOODLAWN AVE, 107TH ST, RANDOLPH ST, POTOMAC AVE, FAIRFIELD AVE, BOSWORTH AVE, BREAKWATER ACCESS, HAMLIN AVE, 103RD ST, ASHLAND AVE, RHODES AVE, MICHIGAN AVE, DIVISION ST, ALBANY AVE, 66TH ST, KEYSTONE AVE, MC CLURG, ODELL AVE, GRAND AVE, 75TH ST, MORGAN ST, IOWA ST, LOCKWOOD AVE, CALIFORNIA AVE, IRVING PARK, PULASKI RD, 72ND ST, LINCOLN PARK, 26TH ST, RACINE AVE, MASON AVE, 73RD ST, NORTH AVE, AVERS AVE, WOLCOTT AVE, SPRINGFIELD AVE, HUTCHINSON ST, 59TH ST, 63RD ST"
16,HIGGINS RD
